Years,CO2,CH4,N2O,HFC-134a,HFC-23,HFC-32,HFC-125,HFC-143a,HFC-152a,HFC-227ea,HFC-236fa,HFC-245fa,HFC-365mfc,HFC-43-10mee,NF3,SF6,SO2F2,CF4,C2F6,C3F8,C4F10,C5F12,C6F14,C7F16,C8F18,c-C4F8,CFC-12,CFC-11,CFC-113,CFC-114,CFC-115,HCFC-22,HCFC-141b,HCFC-142b,CH3CCl3,CCl4,CH3Cl,CH2Cl2,CHCl3,CH3Br,Halon-1211,Halon-1301,Halon-2402,CFC-12-eq,HFC-134a-eq,CFC-11-eq
1850,284.3169998547858,808.2490268668049,273.0210490074822,0,0,0.00021838889451836912,0,0,0,3.952903822128836e-06,0,0,0,0,0,0,2.1002043139006717e-05,34.04999999684177,1.2887821641091725e-06,0,0,0,0,0,0,0,0,0,0,0,0,0,0,0,0,0.025000428677873512,457.00000000000017,6.912761280220138,6,5.2999978176457105,0.0044465725806451615,0,0,16.512882526877547,19.15330983033324,32.110199928669736
1851,284.45099984933194,808.4141052584013,273.094048702186,0,0,0.00022092830026858269,0,0,0,3.998867820060566e-06,0,0,0,0,0,0,2.1249125999465618e-05,34.04999999684185,1.031025731287338e-05,0,0,0,0,0,0,0,0,0,0,0,0,0,0,0,0,0.025000428677873512,457.00000000000017,6.912761280220138,6,5.2999978176457105,0.0044465725806451615,0,0,16.512882526877547,19.15332605577473,32.1102099135568
1852,284.597999840503,809.1631280597403,273.16804906846687,0,0,0.00022346770601879625,0,0,0,4.044831817992298e-06,0,0,0,0,0,0,2.1496208859924526e-05,34.04999999684168,2.0667359807722727e-05,0,0,0,0,0,0,0,0,0,0,0,0,0,0,0,0,0.025000428677873512,457.00000000000017,6.912761280220138,6,5.2999978176457105,0.0044465725806451615,0,0,16.512882526877547,19.15334436813381,32.110221182700855
1853,284.7309998285684,810.4040595628964,273.26404821393925,0,0,0.0002260071117690098,0,0,0,4.090795815924028e-06,0,0,0,0,0,0,2.1743291720383427e-05,34.0499999968415,3.1074454938620136e-05,0,0,0,0,0,0,0,0,0,0,0,0,0,0,0,0,0.025000428677873512,457.00000000000017,6.912761280220138,6,5.2999978176457105,0.0044465725806451615,0,0,16.512882526877547,19.153362758606374,32.110232499914744
1854,284.84599980594913,811.7321432957962,273.3630485055911,0,0,0.0002285465175192234,0,0,0,4.136759813855759e-06,0,0,0,0,0,0,2.1990374580842324e-05,34.04999999684134,4.151325075149365e-05,0,0,0,0,0,0,0,0,0,0,0,0,0,0,0,0,0.025000428677873512,457.00000000000017,6.912761280220138,6,5.2999978176457105,0.0044465725806451615,0,0,16.512882526877547,19.15338119861127,32.11024384761006
1855,284.94099979565135,813.3320441591464,273.47004813718553,0,0,0.00023108592326943705,0,0,0,4.182723811787489e-06,0,0,0,0,0,0,2.2237457441301236e-05,34.049999996841166,5.200285956436691e-05,0,0,0,0,0,0,0,0,0,0,0,0,0,0,0,0,0.025000428677873512,457.00000000000017,6.912761280220138,6,5.2999978176457105,0.0044465725806451615,0,0,16.512882526877547,19.153399718011467,32.11025524416403
1856,285.0489997825848,814.7961228991248,273.5780481931136,0,0,0.0002336253290196506,0,0,0,4.228687809719219e-06,0,0,0,0,0,0,2.2484540301760133e-05,34.049999996840974,6.25495738772403e-05,0,0,0,0,0,0,0,0,0,0,0,0,0,0,0,0,0.025000428677873512,457.00000000000017,6.912761280220138,6,5.2999978176457105,0.0044465725806451615,0,0,16.512882526877547,19.153418326639002,32.110266695627125
1857,285.2039997728402,816.452119083236,273.6750481302316,0,0,0.00023616473476986417,0,0,0,4.27465180765095e-06,0,0,0,0,0,0,2.2731623162219034e-05,34.04999999684082,7.315969619011394e-05,0,0,0,0,0,0,0,0,0,0,0,0,0,0,0,0,0.025000428677873512,457.00000000000017,6.912761280220138,6,5.2999978176457105,0.0044465725806451615,0,0,16.512882526877547,19.15343703434155,32.11027820805946
1858,285.3689997653241,818.3551329821161,273.75604947623236,0,0,0.00023870414052007776,0,0,0,4.320615805582681e-06,0,0,0,0,0,0,2.297870602267794e-05,34.04999999684062,8.383950850298769e-05,0,0,0,0,0,0,0,0,0,0,0,0,0,0,0,0,0.025000428677873512,457.00000000000017,6.912761280220138,6,5.2999978176457105,0.0044465725806451615,0,0,16.512882526877547,19.1534558509347,32.1102897875014
1859,285.54499975017956,820.3960802856569,273.8950472347156,0,0,0.00024124354627029138,0,0,0,4.366579803514412e-06,0,0,0,0,0,0,2.3225788883136847e-05,34.04999999684044,9.459531581586087e-05,0,0,0,0,0,0,0,0,0,0,0,0,0,0,0,0,0.025000428677873512,457.00000000000017,6.912761280220138,6,5.2999978176457105,0.0044465725806451615,0,0,16.512882526877547,19.153474786270056,32.11030144001546
1860,285.73899972727025,822.3121234894561,274.05604762435826,0,0,0.00024378295202050494,0,0,0,4.412543801446143e-06,0,0,0,0,0,0,2.3472871743595744e-05,34.04999999684028,0.00010543340312873428,0,0,0,0,0,0,0,0,0,0,0,0,0,0,0,0,0.025000428677873512,457.00000000000017,6.912761280220138,6,5.2999978176457105,0.0044465725806451615,0,0,16.512882526877547,19.153493850167916,32.11031317164492
1861,285.9329997120946,824.3991866552136,274.24004658389106,0,0,0.0002463223577707186,0,0,0,4.458507799377874e-06,0,0,0,0,0,0,2.371995460405465e-05,34.04999999684009,0.0001163600754416074,0,0,0,0,0,0,0,0,0,0,0,0,0,0,0,0,0.025000428677873512,457.00000000000017,6.912761280220138,6,5.2999978176457105,0.0044465725806451615,0,0,16.512882526877547,19.153513052479823,32.11032498845225
1862,286.09999970202233,827.0291976919972,274.4160469750263,0,0,0.0002488617635209322,0,0,0,4.504471797309604e-06,0,0,0,0,0,0,2.3967037464513553e-05,34.05009999683992,0.00012738162275448058,0,0,0,0,0,0,0,0,0,0,0,0,0,0,0,0,0.025000428677873512,457.00000000000017,6.912761280220138,6,5.2999978176457105,0.0044465725806451615,0,0,16.512882526877547,19.15358865303393,32.11037151187016
1863,286.2709996839747,830.1662127301234,274.57104742407716,0,0,0.00025140116927114577,0,0,0,4.550435795241334e-06,0,0,0,0,0,0,2.4214120324972458e-05,34.05009999683975,0.0001385043350673519,0,0,0,0,0,0,0,0,0,0,0,0,0,0,0,0,0.025000428677873512,457.00000000000017,6.912761280220138,6,5.2999978176457105,0.0044465725806451615,0,0,16.512882526877547,19.153608161658344,32.11038351717749
1864,286.4419996623682,833.6041327607869,274.720047608922,0,0,0.0002539405750213594,0,0,0,4.596399793173065e-06,0,0,0,0,0,0,2.4461203185431355e-05,34.050099996839585,0.00014973450238022572,0,0,0,0,0,0,0,0,0,0,0,0,0,0,0,0,0.025000428677873512,457.00000000000017,6.912761280220138,6,5.2999978176457105,0.0044465725806451615,0,0,16.512882526877547,19.153627838181208,32.110395625806945
1865,286.6139996432233,836.8941987226841,274.88004730543366,0,0,0.000256479980771573,0,0,0,4.642363791104796e-06,0,0,0,0,0,0,2.4708286045890257e-05,34.05009999683941,0.00016107845969310104,0,0,0,0,0,0,0,0,0,0,0,0,0,0,0,0,0.025000428677873512,457.00000000000017,6.912761280220138,6,5.2999978176457105,0.0044465725806451615,0,0,16.512882526877547,19.153647692500932,32.11040784384985
1866,286.78099962778214,840.3622090171802,275.0480470504543,0,0,0.00025901938652178656,0,0,0,4.688327789036526e-06,0,0,0,0,0,0,2.495536890634916e-05,34.05009999683923,0.00017254241700596953,0,0,0,0,0,0,0,0,0,0,0,0,0,0,0,0,0.025000428677873512,457.00000000000017,6.912761280220138,6,5.2999978176457105,0.0044465725806451615,0,0,16.512882526877547,19.153667734320663,32.11042017727738
1867,286.95499960609095,843.9951218411564,275.2130474422919,0,0,0.0002615587922720001,0,0,0,4.734291786968256e-06,0,0,0,0,0,0,2.5202451766808062e-05,34.05019999683906,0.0001841327743188493,0,0,0,0,0,0,0,0,0,0,0,0,0,0,0,0,0.025000428677873512,457.00000000000017,6.912761280220138,6,5.2999978176457105,0.0044465725806451615,0,0,16.512882526877547,19.153744223640395,32.11046724762798
1868,287.1049995897387,847.2491306405715,275.3910467708833,0,0,0.00026409819802221374,0,0,0,4.780255784899987e-06,0,0,0,0,0,0,2.5449534627266967e-05,34.050199996838884,0.0001958557316317205,0,0,0,0,0,0,0,0,0,0,0,0,0,0,0,0,0.025000428677873512,457.00000000000017,6.912761280220138,6,5.2999978176457105,0.0044465725806451615,0,0,16.512882526877547,19.15376467014762,32.110479830093965
1869,287.22499956904676,850.130080298651,275.5610470783127,0,0,0.0002666376037724273,0,0,0,4.826219782831718e-06,0,0,0,0,0,0,2.5696617487725864e-05,34.0501999968387,0.0002077176389446011,0,0,0,0,0,0,0,0,0,0,0,0,0,0,0,0,0.025000428677873512,457.00000000000017,6.912761280220138,6,5.2999978176457105,0.0044465725806451615,0,0,16.512882526877547,19.15378533376422,32.11049254616572
1870,287.35499955429816,852.4350131373343,275.7200476979137,0,0,0.0002691770095226409,0,0,0,4.872183780763449e-06,0,0,0,0,0,0,2.594370034818477e-05,34.05019999683853,0.0002197247962574732,0,0,0,0,0,0,0,0,0,0,0,0,0,0,0,0,0.025000428677873512,457.00000000000017,6.912761280220138,6,5.2999978176457105,0.0044465725806451615,0,0,16.512882526877547,19.153806224333948,32.11050540190094
1871,287.4939995287909,853.9930722341896,275.9030465085917,0,0,0.00027171641527285454,0,0,0,4.91814777869518e-06,0,0,0,0,0,0,2.619078320864367e-05,34.05029999683834,0.0002318834535703476,0,0,0,0,0,0,0,0,0,0,0,0,0,0,0,0,0.025000428677873512,457.00000000000017,6.912761280220138,6,5.2999978176457105,0.0044465725806451615,0,0,16.512882526877547,19.15388360162242,32.11055301869385
1872,287.6639994906144,855.2329918096625,276.078047261639,0,0,0.00027425582102306816,0,0,0,4.964111776626909e-06,0,0,0,0,0,0,2.6437866069102578e-05,34.05029999683818,0.0002441999608832017,0,0,0,0,0,0,0,0,0,0,0,0,0,0,0,0,0.025000428677873512,457.00000000000017,6.912761280220138,6,5.2999978176457105,0.0044465725806451615,0,0,16.512882526877547,19.153904975551526,32.11056617188099
1873,287.85999946655244,856.1682009280976,276.25004691178646,0,0,0.00027679522677328167,0,0,0,5.01007577455864e-06,0,0,0,0,0,0,2.6684948929561482e-05,34.050299996838,0.00025668056819609474,0,0,0,0,0,0,0,0,0,0,0,0,0,0,0,0,0.025000428677873512,457.00000000000017,6.912761280220138,6,5.2999978176457105,0.0044465725806451615,0,0,16.512882526877547,19.153926605886877,32.110579482856586
1874,288.0609994747667,857.8200701694396,276.416047390746,0,0,0.0002793346325234953,0,0,0,5.056039772490371e-06,0,0,0,0,0,0,2.693203179002038e-05,34.050399996837854,0.0002693315755089699,0,0,0,0,0,0,0,0,0,0,0,0,0,0,0,0,0.025000428677873512,457.00000000000017,6.912761280220138,6,5.2999978176457105,0.0044465725806451615,0,0,16.512882526877547,19.15400475247225,32.11062757306297
1875,288.29099944872956,859.4690603160815,276.585046866053,0,0,0.0002818740382737089,0,0,0,5.1020037704221014e-06,0,0,0,0,0,0,2.7179114650479277e-05,34.050399996837655,0.0002821592828218371,0,0,0,0,0,0,0,0,0,0,0,0,0,0,0,0,0.025000428677873512,457.00000000000017,6.912761280220138,6,5.2999978176457105,0.0044465725806451615,0,0,16.512882526877547,19.15402692515134,32.11064121778856
1876,288.51999943516995,860.8591008221174,276.7350474457116,0,0,0.0002844134440239225,0,0,0,5.1479677683538316e-06,0,0,0,0,0,0,2.7426197510938182e-05,34.05049999683749,0.00029516999013469425,0,0,0,0,0,0,0,0,0,0,0,0,0,0,0,0,0.025000428677873512,457.00000000000017,6.912761280220138,6,5.2999978176457105,0.0044465725806451615,0,0,16.512882526877547,19.154105633767948,32.11068965386032
1877,288.75199942348434,862.3791145747814,276.8640480828145,0,0,0.00028695284977413614,0,0,0,5.1939317662855625e-06,0,0,0,0,0,0,2.7673280371397086e-05,34.05049999683731,0.0003083699974475932,0,0,0,0,0,0,0,0,0,0,0,0,0,0,0,0,0.025000428677873512,457.00000000000017,6.912761280220138,6,5.2999978176457105,0.0044465725806451615,0,0,16.512882526877547,19.1541283881658,32.11070365656669
1878,288.99299941266867,864.1391514632431,277.0020474139247,0,0,0.0002894922555243497,0,0,0,5.2398957642172935e-06,0,0,0,0,0,0,2.792036323185599e-05,34.050599996837136,0.0003217655547604543,0,0,0,0,0,0,0,0,0,0,0,0,0,0,0,0,0.025000428677873512,457.00000000000017,6.912761280220138,6,5.2999978176457105,0.0044465725806451615,0,0,16.512882526877547,19.15420769811053,32.11075246268653
1879,289.2209993767829,866.2831592314161,277.13304805373815,0,0,0.00029203166127456326,0,0,0,5.285859762149025e-06,0,0,0,0,0,0,2.8167446092314892e-05,34.05059999683696,0.00033536301207332263,0,0,0,0,0,0,0,0,0,0,0,0,0,0,0,0,0.025000428677873512,457.00000000000017,6.912761280220138,6,5.2999978176457105,0.0044465725806451615,0,0,16.512882526877547,19.15423107352401,32.11076684755636
1880,289.469999320198,868.6961063073591,277.2650473654361,0,0,0.0002945710670247768,0,0,0,5.331823760080755e-06,0,0,0,0,0,0,2.8414528952773796e-05,34.05069999683678,0.0003491686693861985,0,0,0,0,0,0,0,0,0,0,0,0,0,0,0,0,0.025000428677873512,457.00000000000017,6.912761280220138,6,5.2999978176457105,0.0044465725806451615,0,0,16.512882526877547,19.154311024249978,32.11081604800311
1881,289.7369992910976,870.9841266509902,277.3740485862657,0,0,0.00029711047277499044,0,0,0,5.377787758012486e-06,0,0,0,0,0,0,2.8661611813232697e-05,34.050699996836606,0.00036318877669907086,0,0,0,0,0,0,0,0,0,0,0,0,0,0,0,0,0.025000428677873512,457.00000000000017,6.912761280220138,6,5.2999978176457105,0.0044465725806451615,0,0,16.512882526877547,19.15433506005409,32.11083083926718
1882,290.01899925659364,873.2501343602795,277.48604781092735,0,0,0.00029964987852520406,0,0,0,5.4237517559442165e-06,0,0,0,0,0,0,2.8908694673691602e-05,34.050799996836446,0.0003774296340119416,0,0,0,0,0,0,0,0,0,0,0,0,0,0,0,0,0.025000428677873512,457.00000000000017,6.912761280220138,6,5.2999978176457105,0.0044465725806451615,0,0,16.512882526877547,19.154415690780073,32.11088045817548
1883,290.26299921984815,875.6031505486831,277.5910484695901,0,0,0.0003021892842754176,0,0,0,5.469715753875947e-06,0,0,0,0,0,0,2.9155777534150506e-05,34.05089999683626,0.0003918974913248207,0,0,0,0,0,0,0,0,0,0,0,0,0,0,0,0,0.025000428677873512,457.00000000000017,6.912761280220138,6,5.2999978176457105,0.0044465725806451615,0,0,16.512882526877547,19.154496676193542,32.110930295353
1884,290.51199920470657,878.148195132456,277.69504813483826,0,0,0.0003047286900256312,0,0,0,5.5156797518076784e-06,0,0,0,0,0,0,2.940286039460941e-05,34.05099999683608,0.00040659874863771783,0,0,0,0,0,0,0,0,0,0,0,0,0,0,0,0,0.025000428677873512,457.00000000000017,6.912761280220138,6,5.2999978176457105,0.0044465725806451615,0,0,16.512882526877547,19.154578026294523,32.1109803569536
1885,290.7969991943966,881.0251276946365,277.79504827574357,0,0,0.00030726809577584486,0,0,0,5.5616437497394085e-06,0,0,0,0,0,0,2.9649943255068315e-05,34.05099999683592,0.0004215400059505389,0,0,0,0,0,0,0,0,0,0,0,0,0,0,0,0,0.025000428677873512,457.00000000000017,6.912761280220138,6,5.2999978176457105,0.0044465725806451615,0,0,16.512882526877547,19.15460350139551,32.11099603393882
1886,291.0999991772857,883.8392110542212,277.8850488939525,0,0,0.0003098075015260584,0,0,0,5.6076077476711395e-06,0,0,0,0,0,0,2.9897026115527213e-05,34.051099996835724,0.00043672676326344915,0,0,0,0,0,0,0,0,0,0,0,0,0,0,0,0,0.025000428677873512,457.00000000000017,6.912761280220138,6,5.2999978176457105,0.0044465725806451615,0,0,16.512882526877547,19.154685610090226,32.11104656236635
1887,291.41399913878035,886.9331311986106,277.99504749632223,0,0,0.000312346907276272,0,0,0,5.65357174560287e-06,0,0,0,0,0,0,3.0144108975986117e-05,34.051199996835564,0.0004521660205763442,0,0,0,0,0,0,0,0,0,0,0,0,0,0,0,0,0.025000428677873512,457.00000000000017,6.912761280220138,6,5.2999978176457105,0.0044465725806451615,0,0,16.512882526877547,19.15476811331621,32.11109733358233
1888,291.7629990762264,889.926211509411,278.08004948493294,0,0,0.0003148863130264856,0,0,0,5.6995357435346e-06,0,0,0,0,0,0,3.039119183644501e-05,34.05129999683541,0.00046786327788921376,0,0,0,0,0,0,0,0,0,0,0,0,0,0,0,0,0.025000428677873512,457.00000000000017,6.912761280220138,6,5.2999978176457105,0.0044465725806451615,0,0,16.512882526877547,19.154851019667202,32.111148352875254
1889,292.11299905472004,893.1561628723198,278.19104716576703,0,0,0.0003174257187766992,0,0,0,5.745499741466331e-06,0,0,0,0,0,0,3.0638274696903916e-05,34.05139999683521,0.0004838260352020022,0,0,0,0,0,0,0,0,0,0,0,0,0,0,0,0,0.025000428677873512,457.00000000000017,6.912761280220138,6,5.2999978176457105,0.0044465725806451615,0,0,16.512882526877547,19.154934340861917,32.111199627456614
1890,292.45799899467517,896.3831741486846,278.2730492916152,0,0,0.0003199651245269127,0,0,0,5.791463739398062e-06,0,0,0,0,0,0,3.088535755736282e-05,34.05149999683504,0.00050005929251497,0,0,0,0,0,0,0,0,0,0,0,0,0,0,0,0,0.025000428677873512,457.00000000000017,6.912761280220138,6,5.2999978176457105,0.0044465725806451615,0,0,16.512882526877547,19.155018084712896,32.11125116213414
1891,292.81599895276145,899.6662679579157,278.3470486211059,0,0,0.0003225045302771264,0,0,0,5.837427737329793e-06,0,0,0,0,0,0,3.1132440417821725e-05,34.051599996834874,0.0005165705498278486,3.280652570006609e-08,0,0,0,0,0,0,0,0,0,0,0,0,0,0,0,0.025000428677873512,457.00000000000017,6.912761280220138,6,5.2999978176457105,0.0044465725806451615,0,0,16.512882526877547,19.155102320350302,32.111302999449464
1892,293.1669989393681,903.534186208477,278.44204861488447,0,0,0.00032504393602734007,0,0,0,5.883391735261523e-06,0,0,0,0,0,0,3.137952327828063e-05,34.05169999683467,0.0005333653071407378,3.048190000000654e-07,0,0,0,0,0,0,0,0,0,0,0,0,0,0,0,0.025000428677873512,457.00000000000017,6.912761280220138,6,5.2999978176457105,0.0044465725806451615,0,0,16.512882526877547,19.155187417566847,32.11135536696734
1893,293.47699893819015,907.274128382734,278.55404816276183,0,0,0.0003275833417775536,0,0,0,5.929355733193252e-06,0,0,0,0,0,0,3.1626606138739534e-05,34.05179999683451,0.0005504500644535538,6.922830000000004e-07,0,0,0,0,0,0,0,0,0,0,0,0,0,0,0,0.025000428677873512,457.00000000000017,6.912761280220138,6,5.2999978176457105,0.0044465725806451615,0,0,16.512882526877547,19.15527316994858,32.111408137663794
1894,293.79099890627157,910.4781391513702,278.6890477557381,0,0,0.00033012274752776725,0,0,0,5.975319731124985e-06,0,0,0,0,0,0,3.1873688999198425e-05,34.05189999683435,0.0005678308217664509,1.2421700000000235e-06,0,0,0,0,0,0,0,0,0,0,0,0,0,0,0,0.025000428677873512,457.00000000000017,6.912761280220138,6,5.2999978176457105,0.0044465725806451615,0,0,16.512882526877547,19.15535966907057,32.11146136789271
1895,294.07899885431,913.2259779267592,278.8310471739631,0,0,0.0003326621532779808,0,0,0,6.021283729056715e-06,0,0,0,0,0,0,3.2120771859657336e-05,34.052099996834166,0.0005855145790792308,1.9587900000000452e-06,0,0,0,0,0,0,0,0,0,0,0,0,0,0,0,0.025000428677873512,457.00000000000017,6.912761280220138,6,5.2999978176457105,0.0044465725806451615,0,0,16.512882526877547,19.15550318341279,32.111549684410996
1896,294.3649988147239,914.7710873356496,278.9390487016186,0,0,0.0003352015590281944,0,0,0,6.067247726988446e-06,0,0,0,0,0,0,3.236785472011623e-05,34.052199996833984,0.0006035068363921823,2.846410000001536e-06,0,0,0,0,0,0,0,0,0,0,0,0,0,0,0,0.025000428677873512,457.00000000000017,6.912761280220138,6,5.2999978176457105,0.0044465725806451615,0,0,16.512882526877547,19.155591229036265,32.111603866333134
1897,294.64599876560305,916.2742713849129,279.05104771775603,0,0,0.000337740964778408,0,0,0,6.113211724920176e-06,0,0,0,0,0,0,3.261493758057514e-05,34.05229999683382,0.0006218145937050092,3.9093400000005085e-06,0,0,0,0,0,0,0,0,0,0,0,0,0,0,0,0.025000428677873512,457.00000000000017,6.912761280220138,6,5.2999978176457105,0.0044465725806451615,0,0,16.512882526877547,19.155680074420996,32.111658540416045
1898,294.95399869752913,919.0172210879537,279.16304880309127,0,0,0.00034028037052862155,0,0,0,6.159175722851906e-06,0,0,0,0,0,0,3.286202044103404e-05,34.052499996833625,0.0006404438510178604,5.151869999999647e-06,0,0,0,0,0,0,0,0,0,0,0,0,0,0,0,0.025000428677873512,457.00000000000017,6.912761280220138,6,5.2999978176457105,0.0044465725806451615,0,0,16.512882526877547,19.155825986449468,32.11174833243357
1899,295.2999985784397,922.2811821278001,279.30804694571594,0,0,0.0003428197762788351,0,0,0,6.205139720783637e-06,0,0,0,0,0,0,3.310910330149294e-05,34.052599996833465,0.0006594006083307941,6.5783000000028886e-06,0,0,0,0,0,0,0,0,0,0,0,0,0,0,0,0.025000428677873512,457.00000000000017,6.912761280220138,6,5.2999978176457105,0.0044465725806451615,0,0,16.512882526877547,19.155916482021706,32.11180402201648
1900,295.67499844167355,925.5521140715754,279.4540477512095,0,0,0.00034535918202904884,0,0,0,6.251103718715368e-06,0,0,0,0,0,0,3.3356186161951845e-05,34.05279999683329,0.0006786918656437203,8.19291000000397e-06,0,0,0,0,0,0,0,0,0,0,0,0,0,0,0,0.02500037682723694,456.99999999999847,6.912761280220035,5.999999999600976,5.299997817646468,0.004446569999799172,0,0,16.51288249689319,19.156064079565184,32.1118948143702
1901,296.0069979664698,928.8003363466668,279.6130478760778,0,0,0.0003478985877792623,0,0,0,6.297067716647097e-06,0,0,0,0,0,0,3.3603269022410756e-05,34.05289999683303,0.0007011479094043935,9.999999999999726e-06,0,0,0,0,0,0,0,0,0,0,0,0,0,0,0,0.025000494476904497,456.9999999999978,6.912761280219802,6.000000000514491,5.299997817644717,0.0044465699992931275,0,0,16.512882559622437,19.156160708927434,32.11195435579834
1902,296.3249974269664,932.7311580475099,279.86104559197133,0,0,0.000350437993529476,0,0,0,6.34303171457883e-06,0,0,0,0,0,0,3.385035188286965e-05,34.05529999683238,0.0008848810012952505,1.4999999999993377e-05,0,0,0,0,0,0,0,0,0,0,0,0,0,0,0,0.02500034398322931,456.9999999999997,6.9127612802201215,5.999999999326715,5.299997817647033,0.004446569999896639,0,0,16.51288247937639,19.15780867126968,32.112968387706125
1903,296.6539968372104,936.7834293693542,280.15604479805677,0,0,0.00035297739927968953,0,0,0,6.388995712510558e-06,0,0,0,0,0,0,3.409743474332856e-05,34.05799999683166,0.0011166411784158852,2.4999999999995204e-05,0,0,0,0,0,0,0,0,0,0,0,0,0,0,0,0.025000539250091228,457,6.91276128022016,6.000000000894261,5.299997817643923,0.004446569999999938,0,0,16.512882583503863,19.159709175932548,32.11413805719402
1904,296.9539963048155,942.1142733141068,280.4320453165374,0,0,0.00035551680502990315,0,0,0,6.434959710442291e-06,0,0,0,0,0,0,3.4344517603787456e-05,34.06079999683093,0.0013829462109654364,3.5000000000009856e-05,0,0,0,0,0,0,0,0,0,0,0,0,0,0,0,0.0250002822678021,457.00000000000006,6.912761280220113,5.99999999879448,5.29999781764817,0.004446570000000057,0,0,16.51288244645713,19.16171990693202,32.115375261443866
1905,297.2889957278777,947.4432791909495,280.70504540581857,0,0,0.00035805621078011666,0,0,0,6.480923708374023e-06,0,0,0,0,0,0,3.459160046424636e-05,34.064199996830204,0.0017163676861376039,5.000000000003171e-05,0,0,0,0,0,0,0,0,0,0,0,0,0,0,0,0.025000625289656908,457.0000000000003,6.9127612802201766,6.0000000001192895,5.299997817642287,0.004446569999999918,0,0,16.51288262901863,19.164181757373097,32.116890471021755
1906,297.6619951368838,953.0924179385862,280.98004539363694,0,0,0.0003605956165303303,0,0,0,6.52688770630575e-06,0,0,0,0,0,0,3.4838683324705265e-05,34.0686999968295,0.0021963609396787515,6.000000000001751e-05,0,0,0,0,0,0,0,0,0,0,0,0,0,0,0,0.025000160928337303,457,6.912761280220086,5.999999985181678,5.299997817650559,0.004446570000000123,0,0,16.512882378592366,19.167482626217883,32.118921466709295
1907,298.09799448445773,959.1561175087603,281.2760452156198,0,0,0.000363135022280544,0,0,0,6.572851704237483e-06,0,0,0,0,0,0,3.5085766185164156e-05,34.07469999682876,0.0028726063668017515,8.499999999999056e-05,0,0,0,0,0,0,0,0,0,0,0,0,0,0,0,0.02500079830643344,457.00000000000017,6.912761280220214,5.999999976546793,5.299997817638755,0.004446569999999817,0,0,16.51288271504062,19.171960139083872,32.12167727333238
1908,298.517994006017,964.0852972266295,281.61104394782683,0,0,0.00036567442803075745,0,0,0,6.618815702169212e-06,0,0,0,0,0,0,3.533284904562307e-05,34.08239999682802,0.0037649905538575013,0.00010999999999997794,0,0,0,0,0,0,0,0,0,0,0,0,0,0,0,0.024999913572626344,456.99999999999994,6.912761280220031,5.999999954738225,5.299997817655846,0.004446570000000276,0,0,16.512882239573837,19.17773161876226,32.12522836794457
1909,298.9359934554041,969.3983671860328,281.9500446835407,0,0,0.0003682138337809711,0,0,0,6.664779700100943e-06,0,0,0,0,0,0,3.557993190608197e-05,34.08739999682731,0.004334990056691436,0.00012499999999998778,0,0,0,0,0,0,0,0,0,0,0,0,0,0,0,0.02507337770320996,457.0000000000004,6.912761280220298,5.999999951716099,5.299997817630721,0.0044465699999995745,0,0,16.5129212666374,19.18146312237156,32.12757271116699
1910,299.3769928803734,974.787088093418,282.31404360246773,0,0,0.0003707532395311847,0,0,0,6.710743698032676e-06,0,0,0,0,0,0,3.5827014766540876e-05,34.0982999968265,0.005609989533360356,0.00016000000000004262,0,0,0,0,0,0,0,0,0,0,0,0,0,0,0,0.025329281630263437,456.99999999999983,6.912761280219903,5.999999921168976,5.299997817668218,0.004446570000000664,0,0,16.513057207962287,19.189649938439924,32.1327780642243
1911,299.8289923372811,979.4653273999169,282.7210423489083,0,0,0.00037329264528139825,0,0,0,6.756707695964405e-06,0,0,0,0,0,0,3.6074097626999774e-05,34.11459999682495,0.007499988982481036,0.00020999999999999863,0,0,0,0,0,0,0,0,0,0,0,0,0,0,0,0.08124723412768288,457.0000000000003,6.912761280220494,5.999999931289596,5.299997817611417,0.004446569999998958,0,0,16.542763622756052,19.201861441964827,32.17685457690887
1912,300.35299174867805,983.6058602371808,283.0190456236654,0,0,0.0003758320510316118,0,0,0,6.802671693896136e-06,0,0,0,0,0,0,3.632118048745868e-05,34.12979999682336,0.009259988402615264,0.00026499999999998595,0,0,0,0,0,0,0,0,0,0,0,0,0,0,0,0.10000008918502472,456.9999999999996,6.912761280219598,5.999999878972211,5.299997817698752,0.004446570000001663,0,0,16.552726063926904,19.21325982044442,32.19613042972199
1913,300.9099911438063,986.242327051439,283.3620439914887,0,0,0.00037837145678182543,0,0,0,6.8486356918278645e-06,0,0,0,0,0,0,3.656826334791758e-05,34.149799996821805,0.01156998779223068,0.00033000000000000493,0,0,0,0,0,0,0,0,0,0,0,0,0,0,0,0.11666701654003349,457.0000000000011,6.9127612802209795,5.999999921138374,5.299997817562454,0.004446569999997284,0,0,16.561580379624264,19.228235073876345,32.2162435896153
1914,301.4189907788638,988.6108727542818,283.716043674918,0,0,0.00038091086253203905,0,0,0,6.894599689759597e-06,0,0,0,0,0,0,3.681534620837649e-05,34.171499996820195,0.014084987149716852,0.0003999999999999616,0,0,0,0,0,0,0,0,0,0,0,0,0,0,0,0.19333053809140374,456.9999999999989,6.912761280218814,5.999999816760957,5.299997817778365,0.004446570000004439,0,0,16.602307849356514,19.24449563975804,32.27637620828988
1915,301.9369903068968,991.4610851937247,284.0470440770779,0,0,0.0003834502682822527,0,0,0,6.940563687691329e-06,0,0,0,0,0,0,3.7062429068835385e-05,34.193999996818555,0.016684986473382672,0.00047499999999998786,0,0,0,0,0,0,0,0,0,0,0,0,0,0,0,0.3165597066196156,457.000000000002,6.912761280222258,5.999999941074717,5.299997817431184,0.004446569999992607,0,0,16.66777337621163,19.261347768086868,32.367319704929315
1916,302.48498968641667,998.4538273543909,284.3120460201822,0,0,0.0003859896740324663,0,0,0,6.986527685623058e-06,0,0,0,0,0,0,3.7309511929294296e-05,34.2197999968169,0.019669985761451157,0.0005599999999999745,0,0,0,0,0,0,0,0,0,0,0,0,0,0,0,0.5206524797283182,456.99999999999704,6.912761280216697,5.9999997011808865,5.2999978179978475,0.004446570000012486,0,0,16.7761976019586,19.28067520886007,32.51265871555523
1917,303.01098910113365,1003.5705561134047,284.61504374750956,0,0,0.00038852907978267985,0,0,0,7.032491683554789e-06,0,0,0,0,0,0,3.755659478975319e-05,34.25639999681528,0.023924985012054298,0.0006800000000002504,0,0,0,0,0,0,0,0,0,0,0,0,0,0,0,0.7563406405843188,457.00000000000506,6.912761280225816,6.000000049031917,5.2999978170590145,0.004446569999978552,0,0,16.901407024365447,19.30812327457475,32.68365373741885
1918,303.44898864914416,1010.1304479973454,284.80504634601874,0,0,0.0003910684855328934,0,0,0,7.0784556814865185e-06,0,0,0,0,0,0,3.780367765021209e-05,34.29749999681378,0.028689984223224826,0.0008150000000001809,0,0,0,0,0,0,0,0,0,0,0,0,0,0,0,0.9276737285314348,456.99999999999136,6.912761280210638,5.999999432158977,5.299997818637906,0.004446569999886219,0,0,16.992427573136915,19.338925715227887,32.814634376308746
1919,303.8139883347417,1017.6303643750462,284.85105013689014,0,0,0.000393607891283107,0,0,0,7.12441967941825e-06,0,0,0,0,0,0,3.8050760510670996e-05,34.338699996812224,0.03343498339287896,0.0009500000000001821,0,0,0,0,0,0,0,0,0,0,0,0,0,0,0,1.0843643504177933,457.0000000000146,6.9127612802362846,6.000000403877657,5.29999781594252,0.004446569999633278,0,0,17.07566970891292,19.36975315581612,32.93605696839506
1920,304.2459876807346,1025.0703236736274,284.929048631031,0,0,0.00039614729703332053,0,0,0,7.170383677349982e-06,0,0,0,0,0,0,3.8297843371129894e-05,34.37579999681076,0.0377049825188043,0.0010700000000003734,0,0,0,0,0,0,0,0,0,0,0,0,0,0,0,1.1760377264188935,456.99999999997453,6.9127612801922815,5.9999991085218305,5.299997820613394,0.0044465700000602066,0,0,17.124370866127943,19.397505908836084,33.01307547144121
1921,304.5999873393976,1032.2003387088657,285.0390482068231,0,0,0.00039868670278353415,0,0,0,7.216347675281711e-06,0,0,0,0,0,0,3.85449262315888e-05,34.41469995967493,0.04218498159873301,0.0011999999999996165,0,0,0,0,0,0,0,0,0,0,0,0,0,0,0,1.2416695208016746,457.00000000004474,6.912761280268929,6.0044069077397255,5.299997812396865,0.004446569999787021,0,0,17.16033970660469,19.42661676589609,33.07525918714183
1922,304.9449867696023,1039.1002618684895,285.1700490515634,0,0,0.0004012261085337477,0,0,0,7.262311673213442e-06,0,0,0,0,0,0,3.8792009092047696e-05,34.43009972996753,0.043894980630247125,0.0012499999999997069,0,0,0,0,0,0,0,0,0,0,0,0,0,0,0,1.3888855176328183,456.99999999992,6.912761280133394,6.0167618342154405,5.299997827069101,0.004446570000391511,0,0,17.24163693670751,19.438040639558945,33.182347392599375
1923,305.2709860518484,1045.130075379289,285.46704281518174,0,0,0.00040376551428396133,0,0,0,7.308275671145171e-06,0,0,0,0,0,0,3.90390919525066e-05,34.4571996491632,0.04700497961078171,0.001335000000000285,0,0,0,0,0,0,0,0,0,0,0,0,0,0,0,1.6249916011262584,457.00000000014444,6.912761280376713,6.035730471846246,5.2999978004724495,0.004446569999268925,0,0,17.371810452667457,19.45829459690012,33.35502492445233
1924,305.62998551836387,1049.450038407143,285.6050480414245,0,0,0.000406304920034175,0,0,0,7.3542396690769034e-06,0,0,0,0,0,0,3.9286174812965505e-05,34.50569962592329,0.05258997853767,0.0014950000000002175,0,0,0,0,0,0,0,0,0,0,0,0,0,0,0,1.8459543423582172,456.9999999997345,6.912761279933239,6.059961311093257,5.299997849415156,0.004446570001385046,0,0,17.495254619318004,19.49458452403746,33.52928846933752
1925,305.81298501445457,1052.159978172712,285.6520494697739,0,0,0.0004088443257843886,0,0,0,7.4002036670086336e-06,0,0,0,0,0,0,3.9533257673424416e-05,34.56059960639701,0.05885497740808898,0.0016749999999999693,0,0,0,0,0,0,0,0,0,0,0,0,0,0,0,2.116421505736905,457.0000000004953,6.912761280753844,6.088124812155577,5.299997757985157,0.004446569997337379,0,0,17.645981174082678,19.535571953175484,33.74002110851743
1926,305.95398452087915,1053.6001237895682,285.69204939399975,0,0,0.0004113837315346022,0,0,0,7.4461676649403645e-06,0,0,0,0,0,0,3.9780340533883314e-05,34.6161995858422,0.06516497621899693,0.0018550000000003175,0,0,0,0,0,0,0,0,0,0,0,0,0,0,0,2.4603672734685205,456.9999999990616,6.912761279212177,6.11887065452123,5.299997931380814,0.004446570005194241,0,0,17.836388825766743,19.577023444141975,33.99987759733874
1927,306.1769838719398,1055.7705621619934,285.7400495817877,0,0,0.00041392313728481575,0,0,0,7.492131662872097e-06,0,0,0,0,0,0,4.002742339434221e-05,34.676799564205545,0.07201997496736047,0.002050000000000662,0,0,0,0,0,0,0,0,0,0,0,0,0,0,0,2.694285726969737,457.00000000180427,6.9127612821528475,6.150859345110521,5.299997597547976,0.004446569989716911,0,0,17.968655173011047,19.622165246902195,34.19044651872264
1928,306.3289833241098,1060.6403636417526,285.83304799644634,0,0,0.00041646254303502947,0,0,0,7.538095660803824e-06,0,0,0,0,0,0,4.027450625480112e-05,34.74499954143112,0.07970497364989591,0.002269999999999713,0,0,0,0,0,0,0,0,0,0,0,0,0,0,0,3.026490539763193,456.9999999964768,6.912761276457613,6.182749912459066,5.299998249595922,0.004446570020660324,0,0,18.153111629122936,19.672922673919572,34.44870518902489
1929,306.49498271638004,1066.660342289756,285.89104901123164,0,0.000838775206303658,0.0004190019487852429,0,0,0,7.5840596587355566e-06,0,0,0,0,0,0,4.052158911526003e-05,34.82519951745724,0.08870497226304497,0.002530000000000803,0,0,0,0,0,0,0,0,0,0,0,0,0,0,0,3.517713635233386,457.00000000698486,6.91276128765707,6.213214182915789,5.299996971885387,0.00444656995787134,0,0,18.421689951555702,19.733498409760927,34.81654050022912
1930,306.619982384951,1072.6401089097405,285.93805070267496,0,0.00510867646665538,0.00042154135453545665,0,0,0,7.63002365666729e-06,0,0,0,0,0,0,4.076867197571892e-05,34.909299492222296,0.09807997080326009,0.002805000000000607,0,0,0,0,0,0,0,0,0.00131499734585744,0,0,0,0,0,0,4.063463935736138,456.99999998593967,6.912761265294882,6.24088898112733,5.299999024668202,0.004446570087194702,0,0,18.71977133128528,19.80074009908978,35.224789391790985
1931,306.8219821369922,1077.490222375794,286.12404501101315,0,0.001377562769738954,0.00042408076028567016,0,0,0,7.675987654599017e-06,0,0,0,0,0,0,4.1015754836177836e-05,34.986599465657825,0.10662496926657682,0.0030500000000005727,0,0,0,0,0,0,0,0,0.02115156791600151,0,0,0,0,0,0,4.702978099721212,457.0000000287403,6.912761310634217,6.267828854606886,5.306650862098599,0.004446569816826105,0,0,19.084928137492692,19.853806270723688,35.70686925889788
1932,307.092981823192,1081.960228887566,286.22204977892494,0,0.0006616643931112135,0.0004266201660358838,0,0,0,7.72195165253075e-06,0,0,0,0,0,0,4.126283769663672e-05,35.042799437694775,0.11274996764896604,0.0032300000000016725,0,0,0,0,0,0,0,0,0.07499745244337776,0,0,0,0,0,0,5.294213390343121,456.99999994034715,6.912761217289176,6.295786016625686,5.338305336339977,0.004446570390607481,0,0,19.456887362819316,19.894500808679776,36.18970802111902
1933,307.4019812527895,1086.540334355934,286.3710463927559,0,0.000719201038419223,0.00042915957178609734,0,0,0,7.767915650462477e-06,0,0,0,0,0,0,4.1509920557095624e-05,35.076699408261256,0.11636996594636462,0.0033399999999982107,0,0,0,0,0,0,0,0,0.124997952687607,0,0,0,0,0,0,5.937420766939208,457.00000012572804,6.912761412441878,6.325074174008823,5.379978529878909,0.004446569154454358,0,0,19.85330972784843,19.919485147575596,36.69298744816767
1934,307.7849805936337,1091.7703094913102,286.4670491112976,0,0.0007817409424619378,0.0004316989775363109,0,0,0,7.81387964839421e-06,0,0,0,0,0,0,4.1757003417554536e-05,35.11159937727728,0.12012996415396886,0.0034499999999996096,0,0,0,0,0,0,0,0,0.17499789499794574,0,0,0.000761761500079085,0,0,0,6.679798540102799,456.9999997309053,6.9127609981204285,6.355221900437791,5.419978717710499,0.004446571858119012,0,0,20.30310965696644,19.94525636412507,37.26244657111259
1935,308.22697996210127,1097.0801365727675,286.58704803808274,0,0.0008497191719464255,0.00043423838328652447,0,0,0,7.859843646325944e-06,0,0,0,0,0,0,4.2004086278013433e-05,35.15789934466377,0.12510996226738982,0.0036000000000012407,0,0,0,0,0,0,0,0,0.2249979053175771,0,0,0.019080033270370677,0,0,0,7.5958231959891345,457.00000058488007,6.912761891412852,6.38727831620441,5.459979388821851,0.004446565854573082,0,0,20.85715834825267,19.97942244772689,37.96537793491215
1936,309.011979254044,1101.8303141836411,286.7470474428431,0,0.0009236086352511565,0.0004367777890367382,0,0,0,7.90580764425767e-06,0,0,0,0,0,0,4.2251169138472345e-05,35.23359931033267,0.13321496028142635,0.0038450000000019827,0,0,0,0,0,0,0,0,0.27499790803726093,0,0,0.07932233061180428,0,0,0,8.761372125554614,456.9999987089798,6.912759935459292,6.420506388244557,5.499979961805026,0.004446579389549495,0,0,21.571572022710225,20.035181742845324,38.87896971585586
1937,309.76397861585536,1106.3200004124226,286.9510467352014,0,0.0010039232081899335,0.00043931719478695175,0,0,0,7.951771642189403e-06,0,0,0,0,0,0,4.2498251998931236e-05,35.33639927419602,0.1440799581910362,0.004175000000001233,0,0,0,0,0,0,0,0,0.32499791046277604,0,0,0.14000452418003181,0,0,0,10.024959603644945,457.00000289414544,6.912764285039692,6.4552132325834854,5.53998056005453,0.0044465484055515175,0,0,22.338727791291976,20.110653265033303,39.86960544468754
1938,310.2939782047456,1110.630797500528,287.19104526954237,0,0.0010912219322979696,0.0004418566005371653,0,0,0,7.997735640121132e-06,0,0,0,0,0,0,4.274533485939015e-05,35.469799236156,0.15803995599052137,0.0046050000000011065,0,0,0,0,0,0,0,0,0.3749979145116182,0,0,0.2000043055965995,0,0,0,11.266163161790937,456.9999934105893,6.912754461784327,6.491689816060095,5.579981151696633,0.0044466204796957875,0,0,23.093985043197996,20.208356080648635,40.85927764125824
1939,310.85097758435154,1116.9096799987735,287.3870472462856,0,0.0011861117397994404,0.0004443960062873789,0,0,0,8.043699638052865e-06,0,0,0,0,0,0,4.299241771984903e-05,35.62149919611423,0.1736899536741774,0.0050950000000019495,0,0,0,0,0,0,0,0,0.4249979163563615,0.00044377172031254364,0,0.26000453713337646,0,0,0,12.575761909157771,457.00001523844907,6.912776967657021,6.530165763080685,5.619981745105608,0.004446447669631281,0,0,23.88651106487596,20.319106809925817,41.90284857826322
1940,311.35697686861346,1120.1201839144849,287.6190462262877,0,0.0012892556240319643,0.00044693541203759244,0,0,0,8.089663635984597e-06,0,0,0,0,0,0,4.323950058030795e-05,35.80499915396508,0.19239995123595924,0.00568999999999981,0,0,0,0,0,0,0,0,0.47499792104179805,0.009225911914842897,0,0.32000424637137076,0,0,0,14.090854736848227,456.99996418669093,6.912726090142488,6.570712181478694,5.659982337971968,0.004446993614271746,0,0,24.796792383118234,20.452719323663484,43.10541790147688
1941,311.8109762773884,1123.2405121162499,287.86404487534514,0,0.0014013840643824545,0.00044947481778780606,0,0,0,8.135627633916323e-06,0,0,0,0,0,0,4.3486583440766853e-05,35.991299109597,0.2110699493102036,0.006290000000001838,0,0,0,0,0,0,0,0,0.5249979220138364,0.04815833141483004,0,0.38000460100015726,0,0,0,15.872149166508507,457.00008643703904,6.923158517006571,6.61288900937548,5.699982931166449,0.012151915856564383,0,0,25.88607972441539,20.58786319457937,44.529244703637005
1942,312.171975739582,1128.1901304333987,288.1380501923613,0,0.0015232670601041153,0.0004520142235380196,0,0,0,8.181591631848056e-06,0,0,0,0,0,0,4.373366630122576e-05,36.238899062893914,0.23562495106182535,0.007099999999999255,0,0,0,0,0,0,0,0,0.5749979279446524,0.11260084712231211,0,0.44000413527659615,0,0,0,18.120430346585746,456.99974056992374,6.954429555292099,6.6573542782774995,5.739983523826503,0.018664849919473172,0,0,27.24959701097227,20.7670621063025,46.31769607892125
1943,312.3899751756712,1132.6601539368896,288.7810313014108,0,0.0016557506162213273,0.00045455362928823324,0,0,0,8.227555629779783e-06,0,0,0,0,0,0,4.398074916168465e-05,36.56109901373181,0.26703995310544654,0.008160000000002008,0,0,0,0,0,0,0,0,0.624997927106953,0.20245546282968085,0,0.5000047381949125,0,0,0,20.794118899533316,457.93200068883124,7.00584480838462,6.704339452846324,5.779984117728308,0.023900681692603638,0,0,28.894235690875647,20.999391692729144,48.484838815064876
1944,312.41297475170353,1136.2700633914933,289.00005077585485,0,0.0017997567323342187,0.0004570930350384468,0,0,0,8.273519627711516e-06,0,0,0,0,0,0,4.422783202214357e-05,36.99279896198454,0.30831495487013827,0.009594999999999423,0,0,0,0,0,0,0.0194336570710222,0,0.674997935712172,0.3176470785372922,0,0.5600039150884286,0,0,0,23.864783221930367,460.74250381742075,7.0765773305130475,6.753844851177473,5.819984708555449,0.027877628335927093,0,0,30.853740976422216,21.309390490145777,51.06338777159886
1945,312.38497460847424,1139.3203471739023,289.22704458625566,0,0.0019562874889504497,0.0004596324407886606,0,0,0,8.319483625643249e-06,0,0,0,0,0,0,4.447491488260247e-05,37.297698907509684,0.3363799563723828,0.010604999999994017,0,0,0,0,0,0,0.4215002163804537,0.004844144891343334,0.7249979308517472,0.45805569424466847,0,0.6200050411310313,0,0,0,25.904248499117855,463.24369668357025,7.165842312241064,6.8057700557813225,5.859985307157177,0.031010341997867386,0,0,32.66833211233084,21.52669400083864,52.93560479553193
1946,312.3899739645146,1143.6604799274162,289.4270460896135,0,0.0021264323133189855,0.00046217184653887404,0,0,0,8.365447623574976e-06,0,0,0,0,0,0,4.4721997743061376e-05,37.39169885017023,0.3442649576127515,0.010915000000001876,0,0,0,0,0,0,1.6357106676033348,0.08337228931330991,0.7749979456178372,0.6235543099519205,0,0.6800034384111746,0,0,0,27.504756711000592,465.7432891672135,7.2728489327437735,6.860763933716188,5.8999858857742735,0.0322916978008711,0,0,35.14674625568286,21.592625325337227,54.5321209239977
1947,312.4859731842821,1149.640289340318,289.5110490247808,0,0.0023113752004821513,0.00046471125228908765,0,0,0,8.411411621506709e-06,0,0,0,0,0,0,4.496908060352027e-05,37.50009878981438,0.35365495859113577,0.011285000000000526,0,0,0,0,0,0,2.835014024896138,0.30001104344557666,0.8249979311485179,0.8140119256594329,0,0.7400057485750905,0,0,0,29.0785610675466,468.2434297243401,7.3968032494359655,6.918758502826884,5.939986516588345,0.032812486784421106,0,0,37.73413020759922,21.66912985805037,56.2876075221271
1948,312.5209725341484,1155.6301779691464,289.55604905463605,0,0.002512403053870646,0.00046725065803930116,0,0,0,8.457375619438438e-06,0,0,0,0,0,0,4.521616346397917e-05,37.67049872627987,0.36831495930716757,0.011869999999995778,0,0,0,0,0,0,4.025014261757746,0.5000130091877589,0.8749979611707429,1.0316545413673504,0,0.8000023077291404,0,0,0,31.04114319609809,470.7433788674962,7.536917530165616,6.979702715799866,5.979987008874509,0.032833277533528646,0,0,40.53335687703229,21.789138109152585,58.3420451321241
1949,312.6319720553128,1160.3499455395743,289.5980505491615,0,0.002730915100659788,0.00046979006378951483,0,0,0,8.50333961737017e-06,0,0,0,0,0,0.0002747740887661986,4.546324632443807e-05,37.85519865940089,0.38362495976089694,0.012514999999996309,0,0,0,0,0,0,5.215013000513583,0.7000119717268064,0.9249979222595934,1.2518172525248137,0,0.8600076080363142,0,0,0,33.192336696044364,473.24340186466014,7.692389308404702,7.044185648024676,6.019987885942549,0.032095154385140684,0,0,43.43686540576635,21.919309285372503,60.531085597463395
1950,312.82097134137496,1163.820557721017,289.7390465554603,0,0.003054187561569078,0.0004723294695397284,0,0,0,8.549303615301903e-06,0,0,0,0,0,0.0019235044724344576,4.5710329184896966e-05,38.02389858900322,0.39696995995257517,0.013104999999996524,0,0,0,0,0,0,6.382257180363741,0.8938818449171735,0.9749979864234543,1.482466435589557,0,0.9275005914525876,0,0,0,35.499832591596366,475.7314635341459,7.862438424735143,7.112189384973282,6.059987795993483,0.03030576716037418,0,0,46.41166811147795,22.042326471470172,62.83147589766067
1951,313.01397060638436,1168.810107873491,289.8600484808057,0,0.006885135301845827,0.00047486887528994207,0,0,0,8.59526761323363e-06,0,0,0,0,0,0.005466860373937273,4.5957412045355884e-05,38.2042985149053,0.4106449598821951,0.013744999999996566,0,0,0,0,0,0,7.775353188713204,1.1468555319519556,1.0244279802027965,1.7349158712999226,0,0.9349977032552204,0,0,0,37.580825774938404,478.31164263155665,8.046262789611434,7.183522626682912,6.0999905385928885,0.028203127220273055,0,0,49.525945817092094,22.18322376817357,65.03655939995775
1952,313.3419700215665,1174.3108833350448,290.02504870229745,0,0.020875123901776215,0.0004774082810401557,0,0,0,8.641231611165362e-06,0,0,0,0,0,0.014999347984736412,4.620449490581478e-05,38.40699843690688,0.42523995954943167,0.01446499999999591,0,0,0,0,0,0,9.44440043412576,1.5540266565232148,1.0793176962198507,1.984303842513553,0,0.920000259512949,0,0,0,38.706895249886266,481.1606415880703,8.243066930223788,7.259722577330443,6.139426121363905,0.02677675096166886,0,0,52.532987527743764,22.37100751495444,66.79888104750182
1953,313.72996942762325,1183.3606479982134,290.334042236607,0,0.04651178971782217,0.00047994768679036925,0,0,0,8.68719560909709e-06,0,0,0,0,0,0.024999433982102765,4.6451577766273693e-05,38.61429835480007,0.43920995895413184,0.015209999999994584,0,0,0,0,0,0,11.213325259535567,2.1294366702490204,1.1389276076167187,2.2399121684206773,0,0.9262516825581363,0,0,0.0011634245162483949,40.051760419025634,484.17644570030035,8.459376397696937,7.340943328745393,6.184987498261907,0.024952414238473154,0,0,55.9254987545469,22.575214277634394,68.9228069339428
1954,314.09496881292915,1194.430622254691,290.5480485632174,0,0.08213070201671008,0.00048248709254058276,0,0,0,8.733159607028824e-06,0,0,0,0,0,0.03499938833525298,4.669866062673257e-05,38.841298268374146,0.4534849580967025,0.016020000000000912,0,0,0,0,0,0,13.203927922755343,2.8635964296843746,1.2079770557281724,2.494911856339302,0,0.9637557780696578,0,0,0.01743291144119843,41.542467205081,488.50885184393627,8.702843830327348,7.4273930483754524,6.229988308529656,0.02349997941408015,0,0,59.82355145539372,22.80232215828596,71.41019644526936
1955,314.41496797205656,1206.6509180413605,290.8440442299008,0,0.12745991431551584,0.0004850264982907964,0,0,0,8.779123604960557e-06,0,0,0,0,0,0.04499943562647964,4.694574348719149e-05,39.07069817740244,0.4667149569772518,0.016830000000002912,0,0,0,0,0,0,15.439632179024187,3.767790831646064,1.2937463530649407,2.7499121898198235,0,1.0538601078206213,0,0,0.10808019154991987,43.172958770569316,493.25498227757845,8.963726222542636,7.519442579212899,6.274988798716971,0.021999980766372034,0,0,64.26150247104114,23.040071642062916,74.26696136990573
1956,314.69796718671785,1221.1007979758153,291.1870440928562,0,0.18228902661435717,0.00048756590404100994,0,0,0,8.825087602892282e-06,0,0,0,0,0,0.05499937865176006,4.719282634765038e-05,39.300198081637106,0.4787949555949031,0.017624999999938076,0,0,0,0,0,0,18.007138376709232,4.900767458846016,1.3882061192287194,3.0061629214076273,0,1.1860103829278226,0,0,0.28904243168721316,44.93925633901366,496.95969778292823,9.237827858536658,7.616433567948767,6.319989705796682,0.02045831859600409,0,0,69.31588831173275,23.286741263785164,77.4795330054352
1957,314.9919665239882,1235.8001706154535,291.51204398982986,0,0.2464121389132643,0.0004901053097912235,0,0,0,8.871051600824015e-06,0,0,0,0,0,0.06499945046946314,4.7439909208109304e-05,39.52009798083528,0.4893099539504914,0.018359999999581527,0,0,0,0,0,0,20.977540118437833,6.239397350008961,1.4974753956298865,3.2499133848726847,0,1.3464653783775902,0,0,0.5636700916730782,46.82995224337012,500.6978186241726,9.522201381342693,7.718483877773898,6.3649897619728515,0.019499981122298424,0,0,75.05098851758919,23.535916778587485,81.03557758577857
1958,315.3449658691439,1247.420460847018,291.7720453657424,0,0.3196182512121893,0.0004926447155414373,0,0,0,8.917015598755744e-06,0,0,0,0,0,0.07499935723820593,4.768699206856819e-05,39.71509787472474,0.4977349520433869,0.018969999999170217,0,0,0,0,0,0,24.184340089254302,7.567232602978994,1.6274844663516195,3.4969948454278192,0,1.5845945418145562,0,0,0.8801461569265351,48.83994929991422,504.50393422309776,9.81755797122585,7.825045868810181,6.40999238762927,0.018499995694896017,0,0,81.16413822578114,23.777819452006195,84.76148660003683
1959,315.8069651231652,1257.3200746140494,291.98704752708886,0,0.4016993635109887,0.0004951841212916507,0,0,0,8.962979596687477e-06,0,0,0,0,0,0.08499948196910771,4.793407492902711e-05,39.904897763030185,0.5052399498739399,0.019529999998745672,0,0,0,0,0,0,27.60905121485652,8.797124083712774,1.777483686985614,3.7265921128328565,0,1.9060347639676198,0,0,1.2386097597212749,50.97114550480765,508.36371690629863,10.130433230570096,7.935598473352279,6.454298414812666,0.017499989964852587,0,0,87.54997583006748,24.025257273364012,88.55821938694521
1960,316.62496438675623,1264.1198630386928,292.2830442854942,0,0.4924474758098261,0.0004977235270418645,0,0,0,9.00894359461921e-06,0,0,0,0,0,0.09499939227672716,5.653505698786102e-05,40.118597645458316,0.5130949474421322,0.020104999998336516,0,0,0,0,0,1.125400180406065e-05,31.605359953330534,10.237121316436859,1.9469428959947706,3.9386705276766687,0,2.249406632706741,0,0,1.7015230367602128,53.21124302729229,512.2328409828585,10.459145981068758,8.049692187202622,6.504989127901251,0.016499992212130613,1.2107990612670945e-06,6.9784497196776725e-06,94.77723882764995,24.296494527500638,92.70169370839352
1961,317.29896380951226,1269.46151252166,292.6020448666423,0,0.5916525881086071,0.0005002629327920779,0,0,0,9.054907592550936e-06,0,0,0,0,0,0.10999903453999531,0.0003956806944103179,40.34249752169752,0.5207299447479451,0.02063999999791238,0,0,0,0,0,0.0017370100000002285,36.23666473638236,12.167854013989833,2.141221817789818,4.163667125197473,0,2.6376538838797714,0,0,2.179267274673984,55.563539538768026,516.0400787516404,10.799525450625092,8.166467469312883,6.554991816301418,0.015499991679780443,9.686392490136756e-06,5.5827597757421373e-05,103.16617183051862,24.604223382649923,97.51583850518301
1962,318.04396307863993,1282.5713089932208,292.94504437486347,0,0.6991077004074162,0.0005028023385422915,0,0,0,9.10087159048267e-06,0,0,0,0,0,0.1299987890216102,0.0009191006830207674,40.56609716302871,0.5278749417912278,0.021114999997503287,0,0,0,0,0,0.006777070000001353,41.47677824512027,14.639893289287903,2.365680498645673,4.398663654108956,0,3.1291542667917542,0,0,2.772260261293793,58.00743682447603,519.7264739908526,11.156874589719886,8.285772740884742,6.604418453015984,0.01449999040912936,1.937278498027351e-05,0.00011165519551484276,112.78178732295714,24.944865830973765,103.11069783793697
1963,318.6499622398741,1300.7905707395553,293.32704290660473,0,0.8146028127058903,0.0005053417442925051,0,0,0,9.146835588414397e-06,0,0,0,0,0,0.15499834598900572,0.0015432043716296499,40.804795730654526,0.5351649385715583,0.0215699999970831,0,0,0,0,0,0.01486369999999606,47.6045926917756,17.7170330458671,2.625518995791539,4.635970328436976,0.00014331860973836917,3.753723801322236,0,0,3.511745083231896,60.50743684557781,523.2439959699753,11.52505722236115,8.406959445193166,6.659987603477519,0.013499995094369674,2.905917747041027e-05,0.00020954201010068728,123.95774653804477,25.32726877840764,109.55912398212064
1964,319.33296136961536,1317.3704437933877,293.6850441280937,0,0.9379299250048225,0.0005078811500427188,0,0,0,9.192799586346128e-06,0,0,0,0,0,0.17999867821289758,0.0023007598127617796,41.0546958276386,0.5425249350897214,0.02198999999666681,0,0,0,0,0,0.02574050000000024,54.799804792532676,21.42167146900704,2.91959767305709,4.877437029064588,0.0034777288260833556,4.502781691855791,0,0,4.2541681050203985,63.07753314603659,526.5386447995689,11.90180882050555,8.530663928633965,6.715564295172501,0.012499973189953524,3.874556996054702e-05,0.0003218187647413641,136.8631295734607,25.73058162723837,116.83521919328885
1965,319.8159605369096,1331.0602831617048,294.04504426986773,0,1.0688820373040036,0.0005104205557929322,0,0,0,9.238763584277861e-06,0,0,0,0,0,0.19999877270357766,0.003262468486667677,41.34249588465038,0.5508499313448718,0.022434999996254368,0,1.2499999999999997e-05,1.041666666666666e-05,2.2916666666666653e-05,2.0833333333333326e-05,0.03915089999999525,63.029014864200825,25.709800022767627,3.2579756773401556,5.1351736199242906,0.019166271964384893,5.391107507539316,0,0,5.182889400572184,65.62683474865655,529.5773613842528,12.285432281747648,8.657198676134044,6.764422172551622,0.011375026195550373,5.606931037559931e-05,0.00045967585225437546,151.45589852221914,26.1530558415404,124.92727578927817
1966,320.87995968666513,1342.2405083385559,294.45304255128946,0,1.2072421496020673,0.0005129599615431459,0,0,0,9.28472758220959e-06,0,0,0,0,0,0.21999895984422477,0.004444035430775753,41.65249588457407,0.5597749273380979,0.02288999999583391,0,0.0001496484024042001,9.906758333333631e-05,0.00019906758333333445,0.00019059861666666982,0.054838400000017724,72.24792998063722,30.503733938597577,3.653163197287713,5.413369552214914,0.03949938357773523,6.4725397543579986,0,0,6.633789982541014,68.07124024500449,532.3371008837813,12.677054644358835,8.786194169908782,6.819308157482641,0.01099998635697432,0.0001192171383401447,0.001805520679182945,167.70516309611983,26.6036612425512,133.85730921447166
1967,321.4799589051604,1354.2715558150142,294.8600432527769,0,1.3528122619019005,0.0005154993672933595,0,0,0,9.330691580141323e-06,0,0,0,0,0,0.23999873482867992,0.0059488500504695264,42.004695884486296,0.570144923067807,0.0233999999954054,0,0.0004143183695384163,0.0002334651863119025,0.0004286001666666594,0.00042848378421519415,0.07254670000003371,82.61014627880051,35.86647805469857,4.101901112376376,5.707025374744133,0.06371349352847672,7.77425581257454,0,0,8.81561645989669,70.42624311254048,534.8238174090528,13.071166319669395,8.917659331661644,6.879989933884343,0.011131961771429512,0.0002235555630351951,0.005476358349834418,185.87959087691414,27.093767204141113,143.7739424002267
1968,322.3889580037001,1371.6504714934774,295.26904289260654,0,1.50538237420043,0.0005180387730435731,0,0,0,9.37665557807305e-06,0,0,0,0,0,0.2699980179355643,0.007807039210004534,42.41149588440832,0.5827049185355605,0.023989999994977942,2.8900590368334247e-06,0.0008137636373404195,0.00040582845482331167,0.0006878854113960372,0.0007204869403050367,0.09201930000000084,94.25966324851397,41.93913242770396,4.615648276022797,6.014501197265102,0.09872918051795014,9.383843427882214,0,0,11.549276150104367,72.6905473116777,537.0335587943526,13.466866878411878,9.051833873992473,6.939991093988598,0.014528773244969208,0.00036077846264195526,0.010674210961696616,206.27040845595968,27.666351383760116,154.88482572224703
1969,323.25095698920194,1389.3417371479975,295.6810430101121,0,1.6647424865002767,0.0005205781787937868,1.2165773696565377e-06,9.679108298182256e-06,0,9.422619576004783e-06,0,0,0,0,3.3015722698532666e-05,0.29999837032302945,0.010129108138144435,42.86239594142575,0.5976699137403663,0.024669999994585384,2.3120472294667397e-05,0.001363926281490551,0.0006131872242763107,0.000985957051565222,0.0010582811608462806,0.11300000000008083,107.28917981624174,48.92260712448521,5.2038451666841254,6.334147019796077,0.14326274733737498,11.191637738646621,0,0,14.649740340900301,74.86995058125703,538.9712390708293,13.861979146800543,9.18935721530463,6.999991582237261,0.026607460458749902,0.0005134661935764833,0.016677813573571537,229.03495328509396,28.279748545171937,167.2438741433085
1970,324.7829558907475,1411.1005121906292,296.0980428506205,0,1.8306725987989196,0.0005231175845440003,8.557121125988066e-06,6.793739868511152e-05,0,9.468583573936513e-06,2.8551592644846774e-08,0,0,0,0.00023697439086252102,0.3249985735257346,0.012998711046637468,43.40139625225432,0.6174449082971002,0.025529999994160318,4.902287374513469e-05,0.0020749852238973426,0.0008649057499999728,0.0013188475625506065,0.0014353631237855023,0.13523100000005336,121.64918965469059,56.95325518015836,5.882411230181623,6.664311913437776,0.20354049893853363,13.093746988751812,0,0.0010651753607642306,17.680185140504335,76.96995385355054,540.6648599840508,14.255303051629506,9.329762129719798,7.059993495364279,0.042955159686098525,0.0007886756413890869,0.022781516431702484,254.08760646590318,28.944357971889268,180.81304098111661
1971,325.39995498502975,1431.120952676496,296.522042773698,0,2.0029827110978515,0.0005256569902942139,1.0061302727903606e-05,7.890220299815641e-05,0,0.0006875001182021301,5.143359227881213e-05,0,8.593750000000172e-05,0,0.0002955890718512246,0.3549981118314898,0.016469326429795362,44.00789609745925,0.6424449000235161,0.026564999993013417,0.00030375074620018366,0.00292897999999932,0.0011569199999998169,0.0016825111639123286,0.0018461863130215153,0.15845799999997537,137.13820485727862,65.8465085377435,6.660777093129423,7.004381233798502,0.27441523289364594,15.120055356050663,0,0.021073126584230287,20.815477846703562,78.98995711984209,542.1264454265569,14.645936380718444,9.473883947515036,7.119412277374722,0.0612022328856644,0.003391635833485183,0.029181620767442375,281.1507098778882,29.685400778773793,195.5140989661495
1972,327.34895407019906,1449.2900279404223,296.9550426078043,0,2.1814528233942494,0.0005281963960444275,1.0390318783764308e-05,8.037302323567342e-05,0,0.002500000118773584,0.00018703098455765313,0,0.00031250000000004543,0,0.0002355782332117,0.3899978781760023,0.02058479981165258,44.68869588904639,0.674074889563399,0.02781499998748477,0.0011413300000002462,0.0039066700000014104,0.0014849442622382428,0.002075046409483599,0.002300142500000512,0.18242300000011666,153.85622602596086,75.67088768390434,7.553642207074017,7.356679625286251,0.34821991734663565,17.35239004821457,0,0.06999984172791818,24.916698017268487,80.92936049588137,543.384934320292,15.032683143476744,9.622934288250077,7.184317334978989,0.08156623883368684,0.010107177303878011,0.036613825349495165,310.64259681041636,30.509967911654513,211.74320583419438
1973,329.9089530935735,1462.86070221712,297.3990424177034,0,2.365882935695527,0.0005307358017946412,1.0719714892991149e-05,8.184554354482956e-05,0,0.005062500119345091,0.00037873797683649725,0,0.0006328130000000965,0,0.00016916307894374028,0.42499801113958435,0.025345894072673656,45.454695547862094,0.7138798785810693,0.029349999981212457,0.002472000000000449,0.004998099999998031,0.0018605195953161208,0.0024945644412854213,0.0027887349999993014,0.20687000000006503,172.25725995309088,86.87261649168936,8.576456757288126,7.723948016767118,0.4380135549055432,19.927694593728067,0,0.11499984210821218,30.325836465784395,82.79306371342341,544.4634016913133,15.414538768163654,9.776117178564073,7.255663537993757,0.1075315362939781,0.020921594551739742,0.045182129931510155,343.55659877290213,31.407368368814613,230.15756677442286
1974,330.75595252301474,1476.1409105124521,297.8550422339758,0,2.556043047994565,0.0005332752075448545,1.1049491482085534e-05,8.331976365404785e-05,0,0.008000000119915557,0.000598499969115288,0,0.0010000000000000963,0,9.776513853447008e-05,0.4599979213163259,0.030775485850288328,46.342595286013335,0.7649898693650913,0.03131999997496387,0.004224000000000227,0.006193469999998869,0.0022731661721366106,0.0029391770307523046,0.003296887499999604,0.23154199999999345,192.56424911912458,99.5389026816154,9.748060452003914,8.108936408241325,0.5431961394305834,22.525582769856754,0,0.16126984245700512,36.76850454937411,84.59316609106578,545.3698231221382,15.790505921554747,9.933977275992456,7.3195036608392385,0.14653477518573835,0.034983892972015034,0.0549907345135188,379.95186330325475,32.40166563975305,250.57039631262367
1975,330.8269519978705,1491.7409648519358,298.32604197214135,0,2.7517531602926777,0.0005358146132950683,1.1379648815072138e-05,8.637850009372718e-05,2.816600187391418e-06,0.010937500120488443,0.0008182619613942239,0,0.00136719000000028,0,8.317647292636501e-05,0.49999761146559046,0.03691337762791359,47.357695476971735,0.8284898728774247,0.03399499996869775,0.006333330000001321,0.007482989999998523,0.0027233230247490723,0.0034070739862469973,0.0038177824999994898,0.2561830000000133,213.23522179761915,112.3317640466579,11.095742860312717,8.514406522840279,0.661696678892748,25.179124400955086,0,0.1949998427743306,42.72001612799472,86.32876872739327,546.137137765384,16.15948460349322,10.09768574734569,7.389227279283877,0.20330782175307882,0.05168079113922167,0.06614343908689284,416.9109731459272,33.51432448371304,271.3020474955873
1976,331.5449509794253,1509.1109619418578,298.81404165912767,0,2.95278327258975,0.0005383540190452818,1.1710187420000309e-05,0.00743271614003373,2.2532801499131344e-05,0.013500000121048015,0.001009969953672168,0,0.0016874999999988193,0,0.000363689671955283,0.5443803266660653,0.04380186940556144,48.27609536667634,0.8872098685385756,0.03666499996242976,0.008735999999993924,0.00885687000000005,0.0032153764504699103,0.003912957500000014,0.004344617499999994,0.2805370000001998,232.9972201695101,124.73074746947105,12.636435347050147,8.955106976144643,0.8118081795778682,28.196115522261938,0,0.22999984309628263,49.04176908110504,87.99307184195897,546.7914240220425,16.520374350792423,10.26717502772755,7.465574264257501,0.27751198212559886,0.08715698727568318,0.0803551436084009,453.1918997286001,34.595213005548054,292.2981982299863
1977,333.352950094921,1527.6809550919827,299.3190414194075,0,3.1589433848913386,0.0005408934247954955,1.2041107540585136e-05,0.02689579558835717,4.506560299826269e-05,0.01531250012162723,0.0011455699459516076,0,0.0019140599999998952,0,0.004997150000000215,0.5945511723732332,0.05148336118314912,49.292495045757306,0.9490798607169474,0.039814999956173824,0.011367999999999316,0.010305299999999155,0.0037402684692118536,0.004452554999999776,0.004870567499999715,0.3043469999999981,251.99420553887094,136.7956981315984,14.478717037950181,9.431879152575448,0.9836416747016458,31.407798536686375,0,0.26499984338708477,57.537214615671296,89.59247450341003,547.339688876402,16.872174608400602,10.442663294745163,7.53441386421778,0.3696969725278088,0.15042698277705902,0.09829714812114355,489.3796618773085,35.78031050881837,314.1853681142728
1978,335.0099493591916,1546.8909078525528,299.8450410134896,0,3.370003503368871,0.000543432830545709,1.2372409501780065e-05,0.054136695036677514,6.759840449739403e-05,0.01600000012219616,0.0011969999366216657,0,0.001999999999999566,0,0.010159400000002683,0.6599957319039795,0.05999985331795626,50.43949489049236,1.0211598535626372,0.043614999949913406,0.01416529999999719,0.01181850000000266,0.004300958581764712,0.005013017500000727,0.005388822500000883,0.32735599999988046,270.00118591622476,148.00458052243388,15.9630475829697,9.926631328998624,1.1736451698254713,35.723577102962565,0,0.2987298350620308,68.57340068394274,91.13187644622707,547.7978985434895,17.213786374274626,10.624351504282414,7.609319153416109,0.4763076701211752,0.23020097841559986,0.11850805263389981,524.8513791927642,37.122294263784795,336.50626511806996
1979,336.60494835469893,1566.1608470081183,300.3930406723758,0,3.73000366667643,0.0005459722362959226,1.14873973665395e-05,0.08490269448502093,9.01312059965254e-05,0.016000000122775304,0.001196999917640991,0,0.0010000000000006347,0,0.014605900000002954,0.7699926321107604,0.15999984758936128,51.55739483809731,1.094819845589674,0.04793499993747153,0.017064000000004884,0.013386700000005069,0.00488945000000218,0.00559208750000138,0.00589257250000156,0.3532139999999599,286.4941585045188,157.6384719768969,17.683127010476156,10.421233505411935,1.378264664949861,40.48909939131703,0,0.34251976527936107,78.18179325281803,92.61308152464603,548.1820798544476,17.5442088762421,10.812538918006213,7.689991500302267,0.5893768101333426,0.3151919742000618,0.13952905714672376,557.7271465372003,38.89801070971357,357.7624534000471
1980,338.7049479298807,1584.9407533384765,300.96504022985545,0,4.1300038684280045,0.0005485116420461362,5.519381541548e-06,0.11494099393325964,0.00011266400749565671,0.011000000123340584,0.0011969998970509511,0,5.1078084793749016e-05,0,0.017775400000004733,0.8899930408009817,0.23999984218858994,52.722695015617774,1.1735098373833364,0.053254999894158106,0.020000000000003234,0.015000000000003925,0.005500000000001823,0.006217187500001108,0.006382812500001331,0.3800959999998252,302.182250496813,166.0775217013036,20.167388430914567,10.897735659128209,1.593954123596176,44.55148930490185,0,0.41178564535267664,85.15928517083621,94.10317270064938,548.501238523582,17.86224341738101,11.007426064886666,7.769993807977953,0.7097166236153623,0.394108969772288,0.15989606185560318,588.5146706140412,40.75765623570332,377.49076705856004
1981,340.0589477632048,1602.6506293856985,301.5620398373693,0,4.560003948078863,0.0005510510477963498,1.0754404323391349e-05,0.13999999419151501,0.0001351968089947881,0.0030000001239124767,0.0011969998764615895,0,0.00012761924230614242,0,0.01972209999999511,0.9999936402496955,0.2999998368173968,53.97579525229312,1.2601898407655237,0.05978499988131545,0.024000000000013177,0.01750000000000307,0.006515154519031785,0.007289062500000932,0.006901409468833014,0.40782200000009783,319.4201304527876,174.73850569484026,23.256973216649325,11.349837977624993,1.8424933636872645,48.662206230365534,0,0.5049996223083267,90.82912021116732,95.31219460141266,548.7653706982645,18.16708589820541,11.209811299325787,7.849401620632043,0.8352456832287386,0.4687449640042744,0.1800000675368274,621.2065997581722,42.65342052741543,397.67775946965224
1982,340.643947400165,1618.7305322214304,302.1870393360928,0,4.970003850310529,0.0005535904535465634,1.2755718535891222e-05,0.15999999781272753,0.0001577296104939194,0.002000000124485654,0.0011969998558709102,0,0.000269655450108677,3.741915827931507e-06,0.020835399999993478,1.1199926187821518,0.3399998312570683,55.109395617537075,1.34256984964566,0.066399999874846,0.02799999999999513,0.020500000000003935,0.008123510297964374,0.008625000000001224,0.007240498734153878,0.43730299999993205,335.14326854814976,183.27747265294866,27.298911400754452,11.805440816484625,2.144632583661876,52.76409239651272,0,0.597249616354241,95.16212261448659,96.45029186954694,548.9834749261579,18.457443835324337,11.418799915498548,7.934991457686116,0.9728992068369925,0.55321295627204,0.2000000721881385,652.8969285909067,44.475515349877476,418.4509756525485
1983,342.26594726360037,1632.6201426768187,302.84203882300795,0,5.270004284572272,0.0005561298592967769,1.169128479673576e-05,0.1799999940075235,0.00018026241199305075,0.011000000125052997,0.0011969998352811054,0,0.0029999999999994614,3.170433248614063e-05,0.02147040000000258,1.2399930684965006,0.3899998252087031,56.16269554108326,1.4098998444590052,0.07203999986811228,0.03249999999999512,0.023499999999988957,0.009936882210634324,0.009968207785948969,0.00724049873415009,0.4695050000001079,352.5060954300258,191.16732444151182,30.830673389146053,12.194235601785694,2.499991905590121,56.78648763741407,0,0.6729996850737261,99.4379598036839,97.67578944253779,549.1685518747764,18.732408641233928,11.633888087435196,8.019996365427536,1.1449595298528676,0.6519749500082966,0.2195000767599412,685.2048957663241,46.14123322392244,437.87005162862704
1984,344.0079495478928,1643.5008612876618,303.5280382995877,0,5.530004525005374,0.0005586692650469907,3.969037407660246e-06,0.19999999390680348,0.0002027952134921821,0.01700000012563646,0.0011969998146922412,0,0.005000000000003289,7.40227001484126e-05,0.02175310000000621,1.3599929094899947,0.4499998184212817,57.26739518708431,1.482039829218797,0.0779799998616889,0.03750000000002458,0.027000000000006134,0.011940863991825692,0.011694931737342082,0.007745400429451161,0.5049430000001678,366.79922889249934,199.96714111826802,34.79922611297609,12.642924171775825,2.84999135216295,60.74248929096203,0,0.7217137404766855,103.94622360835318,98.93998710732035,549.3226302153499,18.990788419774724,11.854777568611825,8.103740166146585,1.2959390726797082,0.7757129420309671,0.24612508188659435,715.6685827078709,47.81744669703668,458.8037872786337
1985,345.45895376519616,1655.9104924853884,304.24703771226694,0,5.870004583467544,0.0005612086707972041,8.568774342817494e-06,0.21999999758266733,0.002249685146286638,0.01700000012619258,0.001196999794101371,0,0.003999999999997333,0.00011811007367337315,0.02178330000000257,1.4999912841780831,0.5199998107545599,58.37619527651853,1.5687698306611766,0.08466999985492957,0.04299999999999208,0.03050000000000312,0.014727070750790694,0.014008731889286724,0.008102531152774076,0.5436289999998429,383.2672494596813,214.03345380825172,39.65238749507824,13.144109773349294,3.187290941301809,64.80020885138644,0,0.7549997583395872,108.21643666004303,100.18199593460004,549.4526883014616,19.231674731188804,12.080269527522917,8.199989374318823,1.4159816501663798,0.935456933260996,0.26520808631119247,753.4494840051832,49.692016368693515,486.1886064367369
1986,346.9029481062766,1668.7911547506744,305.0020372535749,0,6.310004834846969,0.0005637480765474179,1.2043192787165694e-05,0.2599999930221439,0.019787868307206243,0.01800000012676936,0.0011969997735118984,0,0.0010000000000001308,0.00026037028893951674,0.021691699999994873,1.64999113190193,0.5799998021603118,59.28379540891516,1.650249830391046,0.09061499984842207,0.0485000000000049,0.03449999999999597,0.018013485130038736,0.016999999999997868,0.009501247011798601,0.5859839999998211,402.4122216977416,222.33968398922525,44.60810726776415,13.699794811617224,3.6499905665166335,69.13964018382062,0,0.7879217337232666,111.07315006311474,101.67297518070569,549.5567533285683,19.45397576653492,12.309862007122982,8.294995166638152,1.574111379130138,1.1329799238169798,0.2791670914261311,789.5257348181581,51.6238878937308,508.21594715973146
1987,348.7749473727458,1683.749783890652,305.7930356187433,0,6.71000512833519,0.0005662874822976313,2.9035365322133837e-05,0.2899999883753503,0.046362445070179836,0.022000000127324813,0.0011969997529212427,0,0.0030000000642367596,0.0006904602406332495,0.021649999999998018,1.7999912293840532,0.6199997928079899,60.24869523110866,1.7349598224120717,0.09619499984166707,0.0539999999999676,0.037999999999996474,0.02299999999989238,0.020499999999997884,0.010999999999998816,0.6332600000002259,423.3474161829481,233.3356408244789,50.83082078158017,14.255495922966581,4.105550246697014,73.98439718384678,0,0.8391895959373499,114.91390435586887,103.07398103067402,549.6467749563247,19.656584939219268,12.545346561752766,8.389330954441776,1.7711602135463709,1.3463099147740205,0.2995001022516295,831.3263879354961,53.545804340390426,535.0792294433766
1988,351.27593294683976,1693.9409252709854,306.6240408562294,7.708864563105673e-05,7.220005826526326,0.000568826888047845,3.188543391258973e-05,0.32999999195030283,0.08110567405470047,0.02000000012791581,0.001196999732332371,0,0.003000000513912916,0.001493088439416029,0.0221584999999964,1.9699894780207863,0.6499997828757481,61.25519507038421,1.8262398088104572,0.10222999983525953,0.06000000000001344,0.04250000000000808,0.028500000000066028,0.024500000000004588,0.013500000000002675,0.6798150000001622,449.3231051890941,244.82575546038302,57.89559861632597,14.756715528818644,4.494429920118226,79.53813651825472,0,0.9504593226659956,120.27636227638395,104.16901801187355,549.720828471991,19.83841464355639,12.798911500305833,8.489993167608057,1.9729202994085195,1.548219906836936,0.32425010317596875,879.935236975487,55.697666240298965,564.2596491157448
1989,352.8939213981439,1705.6304292869788,307.8310207051655,0.0005449304445596033,7.7600062000728505,0.0005713662937980585,3.284409390330549e-05,0.38999999257648343,0.12386019908675154,0.014000000128479849,0.0011969997117421427,0,0.003000001027824529,0.0026153972082966974,0.02628239999999656,2.1499894230527947,0.6599997724908061,62.29139498364381,1.923179804542109,0.10946499976775524,0.06549999999999334,0.0469999999999969,0.03550000000031061,0.028499999999998304,0.01599999999999909,0.7169249999998549,468.0721730054306,256.58931430508494,64.49583633876641,15.212542017662818,4.949989569646934,85.39031454989242,0.00011203966262379077,1.1215790566916515,124.94140384710992,105.88293343403956,549.7808570341972,19.998409823651432,12.946532325361785,8.589393769347252,2.1840912333638314,1.7223599091913802,0.3557501022116312,921.4695402064074,57.92992237683549,593.6767118638697
1990,354.07293005866376,1717.400667630858,308.6830388905285,0.007755278763577599,8.280006091179375,0.0005739056995482723,0.002091195060039719,0.43999999246258775,0.17620285214513562,0.01400000012904854,0.0011969996551199188,0,0.005000001541735776,0.0040256652930410345,0.03386569999993472,2.3499876816346075,0.6699997617222544,63.32119509612328,2.0188898094192416,0.11630499938657483,0.070999999999986,0.051499999999993974,0.04250000000162113,0.032499999999996115,0.01899999999999788,0.7463770000001682,482.75605970218794,263.0851929915904,70.81883358114217,15.573984410440266,5.405549305855657,90.98358917093613,0.033768470042760936,1.4477779696029607,128.8259147767042,106.46802880227278,549.8308516581693,20.151574585864335,12.908882143510839,8.694339761102803,2.4251406978152676,1.8762499150032113,0.3800001013361622,953.429710325975,60.214384443361595,616.3456527328838
1991,355.3529348514133,1729.3305595936345,309.23303922537895,0.07582558142530849,8.82000617178583,0.001651519652363578,0.030692223589278905,0.4899999915937246,0.2369413118262835,0.01700000012954651,0.001196999343698726,0,0.008000002055648228,0.005709253377718093,0.04119769999999617,2.5599876037060842,0.6799997506632468,64.34609503992671,2.113149815890037,0.12320999924584425,0.0769999999999828,0.05600000000000493,0.051000000004662205,0.037500000000003156,0.022000000000001785,0.7715279999996464,493.7842067334223,267.79015380720926,76.48646705092007,15.752021400458078,5.79998908011751,96.40249329401426,0.06648059659210741,2.2215265414326764,137.22170812123588,105.85304946220158,549.8710739824201,20.30894425946448,12.589104166925823,8.804992592345489,2.6651459944251115,2.0205999206087255,0.4050000993580421,979.8693404182507,62.66349731702046,636.8207782687248
1992,356.22894892415064,1740.1392614551003,309.7250407598758,0.19600565388373672,9.340006519473446,0.005856849190711971,0.09482813652313954,0.5199999803570629,0.3071838481561267,0.026000000749795044,0.0011969986873979585,0,0.005000002569561453,0.0076515714624639354,0.0489389000000132,2.7699876943362782,0.7099997393803269,65.26709546216877,2.200229829461413,0.13036999915604006,0.0824999999999916,0.061000000000015174,0.06049999999763589,0.04250000000001089,0.0260000000000068,0.7907749999999215,505.8679770683775,270.77593453309305,80.40375540327389,15.899934897280142,6.199989080966969,101.49227889510792,0.17077622770104764,3.300515856573807,134.44717875933028,104.98307222101128,549.9049076960026,20.46313357006283,12.10270954007657,8.91499406457056,2.817202263807213,2.161349926128,0.430500095324879,1001.5984185972366,65.13440304650653,650.2124837564463
1993,356.92495886281773,1743.100661126281,310.0990489835285,0.3649167199207784,9.940007666170004,0.01262219918716132,0.19552044923204662,0.5699999237373651,0.3874109319602752,0.033000004460539356,0.0023939970499382824,0,0.0010666858408689098,0.009837979547231286,0.05737670000002456,2.9899867061269703,0.7399997278397709,66.0913957004534,2.2837098325651115,0.13836999910424722,0.08850000000002124,0.06599999999996924,0.07100000002714983,0.04649999999997779,0.029999999999985667,0.8046579999996964,511.98810220586284,271.1687738553954,82.41623737864883,16.066639416211398,6.607129385490818,105.41734141371018,0.7146161655467345,4.475985338554732,127.5331447847193,104.32304183809208,549.9418872581637,20.606278400360978,12.02513685558111,9.027161373172632,3.00582981004638,2.292519931645256,0.4508330795170384,1012.3331739396381,67.79045876922419,657.5265244534
1994,358.25396220439524,1748.6203803449314,310.80802907057006,0.612369261029895,10.600008140074914,0.021451599183612374,0.32772576586961755,0.6399997894200912,0.5997305258502091,0.037000004736694875,0.0023939924574634995,0,0.002012556255266086,0.012253877631997069,0.06681420000001244,3.2099871962718236,0.7799997160161009,66.87479595839544,2.3679398315527824,0.14808999867720488,0.09399999999994546,0.070500000000014,0.08200000017328359,0.05150000000000666,0.03450000000000415,0.8165020000001735,518.2140644403756,269.62779610406534,83.36027092695383,16.099943078372362,6.955350343445062,110.94440933883722,2.238339490442192,5.687364778559022,117.31796264129854,103.57006688845286,545.3847258144393,20.731009415050913,11.992193075298749,9.1316175766105,3.2168917862099087,2.4025299371655535,0.46541706498342017,1021.0865812460943,70.73713773288438,662.4505669811207
1995,360.2389564498416,1755.229637205655,311.2790551838934,1.649199275877587,11.270008202075369,0.03197449918006262,0.4816569572422012,0.7599995489604651,0.8197319385158339,0.04200000419326735,0.00478798761009922,0,0.0040000041112994555,0.01488467571676285,0.07755710000002193,3.4299870790882303,0.8399997038936627,67.6278959898321,2.455579822800869,0.16048999698798128,0.10000000000001169,0.07550000000000565,0.09450000006798286,0.05600000000000264,0.03900000000000362,0.8282870000005634,524.6571057379188,268.1038529932417,83.83788696729287,16.137446109526675,7.2499920315805015,116.0475307584989,3.7474593193297863,6.544661838871625,104.99499072610313,102.88904911836589,552.4202309089145,20.829659944227597,11.915627738784616,9.131469440239162,3.43907697297769,2.491109942684322,0.4750000438125059,1029.0183760261782,74.60330681204891,666.6620599314264
1996,362.00496145970465,1757.19059743038,312.29801929891045,3.231894499412443,11.990008108689082,0.04382059917653697,0.6497871486151177,0.9399992133496204,0.9299358095203489,0.04900001076684966,0.007181984137466228,0,0.0020136203087172083,0.017715673801525854,0.08985150000001572,3.6599862371291443,0.8999996913928245,68.3605959759176,2.5522598091456734,0.17652999468418695,0.10599999999997561,0.08100000000002669,0.10900000000210135,0.06050000000002,0.04350000000001472,0.8410840000000487,531.4080026689236,266.7558396109398,83.94530111580231,16.24994902932088,7.557493451099382,124.72849753486179,6.036929148215372,7.866570164386849,91.00497125628918,102.31104094932671,537.311210959503,20.894384057160252,11.432111718782181,9.063675706219348,3.6023021082030042,2.569999948203749,0.4862500383284792,1038.9799724465743,79.13798665737214,673.4042622847221
1997,363.2519618103963,1761.5010691346272,313.1830378395477,5.399307977177685,12.750008536534262,0.05661919917296999,0.8248193399874615,1.2099987745463745,1.0798835762858752,0.06000001311633265,0.009575980613097715,0,0.004000423500521084,0.020732271711021384,0.10393599999999885,3.8899864927800656,0.9299996784851271,69.0698960015589,2.6610097947823363,0.19629999250984762,0.11200000000007491,0.08550000000003356,0.12400000000078869,0.06500000000002566,0.04800000000001903,0.8555549999999625,534.9630339627353,265.2918520999563,83.5211324693933,16.362446812718062,7.813324523095595,127.37702467147767,7.714768977103603,8.959980699446483,77.60030496601007,101.24208243955276,542.7740227377209,20.919768813488343,10.673722708184002,9.140432433966225,3.78029574880618,2.6506699537227982,0.4900000360387808,1041.1678283957658,84.4193783997099,674.9716721635517
1998,365.93295801973136,1770.2906917676119,313.9070086194167,8.110631437625992,13.540008907188698,0.06999999834002783,0.9994525313598362,1.5299981554655202,1.3595912975818878,0.07300002521286032,0.01316697694392146,0,0.010000005653032823,0.026339268508032424,0.12016699999999066,4.10998756460537,0.9799996650667689,69.77859604738074,2.781449785703558,0.2195149899210437,0.11799999999998,0.09000000000002373,0.1400000000000387,0.06900000000001826,0.05300000000001446,0.8713580000002703,537.6670265271072,263.8838628813274,82.96492471730254,16.399945772104616,7.9541652315983855,134.27282296018646,9.836338805989683,9.961479774033515,65.37696430844791,100.31604654034048,570.7273499510087,20.359298711123454,10.258787568073236,9.254634189838347,3.887360842681,2.7249999592413032,0.49000003862801683,1046.231121053028,90.44830761076544,681.5855364077585
1999,367.8449747848758,1778.19950843302,314.70898638695144,11.121968988109897,14.300010989456723,0.08999998953924852,1.2204217227330192,1.9399973516130515,1.539625770691341,0.08600003783998789,0.01675797328768457,4.148790014539452e-06,0.011000006166947308,0.03241546465245137,0.1387519999999659,4.358643637319768,1.019999651072231,70.47599608868804,2.9081997735572642,0.24549498752058055,0.12449999999997476,0.0944999999999878,0.15649999999996117,0.07299999999999039,0.05799999999999198,0.8880860000005765,540.1430325506212,262.5458669946311,82.38263380869104,16.449954024674756,8.049995753419665,138.68090052431896,11.384798634881074,11.354286757489824,54.61866831121329,99.33087235850121,562.6231658970054,20.44127845939332,10.200666612420125,9.09377772000412,3.999729152892579,2.802669964759128,0.4900000348256249,1048.7122445039765,96.94194682260364,685.5879204488086
2000,369.12498003173897,1778.0101325717426,315.7589947402996,14.691894552449313,15.120010106999144,0.16999996239600537,1.6037119141050091,2.429996361958411,2.1079475687377522,0.10600005058210371,0.02154596965671895,2.9456416046540573e-05,0.013000006680864208,0.040547359484820876,0.15860100000020458,4.563808581347453,1.0499996364224522,71.17349622255456,3.038709771540713,0.273739985860116,0.13000000000001882,0.09850000000001513,0.17250000000003993,0.07750000000001458,0.06250000000001349,0.905661000000054,542.3829885756395,261.16984210013896,81.998416594581,16.499963970540854,8.149996783010486,143.46143637479506,13.121398463769163,12.102788864837615,45.629814446334706,98.27196935196791,552.0705462064851,20.034658311467922,9.454691865624364,8.829522994020287,4.127887867889199,2.862379970152375,0.4900000314657455,1051.1204552172337,104.51957940010847,690.4581616512597
2001,370.67299009863126,1776.530733991747,316.4930127914053,19.702295578702977,15.880009539034061,0.26999993461204375,1.9783321054771943,2.969995256628857,2.3026039206618276,0.1320000492902297,0.026333965915491687,0.0002597141217015472,0.019000007194782936,0.050659650550964865,0.18139200000027933,4.776847016550483,1.099999621018111,71.85479649970686,3.162919786257578,0.30362498435992935,0.13650000000004187,0.10300000000003294,0.18850000000008996,0.08150000000003178,0.06700000000002981,0.9240340000001188,543.1950139620753,259.54983219419415,81.48942808915847,16.54997949676631,8.262498718601407,149.25739488012655,14.544998317679699,13.052591834491155,37.923712566568476,97.35795714684976,542.7083239332736,19.54157918970926,9.350273602755511,8.354893207090138,4.220908431617162,2.8942899753426556,0.49000003139985765,1052.909258985098,113.35289500904695,697.09623695698
2002,372.8349942841128,1778.9609277480606,317.1010163272052,23.515457853314654,16.560010391177663,0.3899999041828401,2.5270122968507214,3.5299941211689436,2.9008639520959925,0.15900006891472163,0.03231896260649079,0.002832789453069694,0.03000001198800031,0.06128753981531395,0.2125600000002218,4.990507538063744,1.1599996047475565,72.51259644747323,3.2808697878718203,0.33430998196420464,0.1425000000000177,0.1065000000000136,0.20150000000003823,0.08500000000001334,0.07100000000001261,0.9437180000000517,543.6559867780333,257.66879143970084,80.81803446482745,16.59997547274217,8.299998415270094,154.42527002324383,15.739598321704682,13.693090487701996,31.91746649936287,96.34296668580807,535.3501360463683,21.384500990227014,8.940342304399488,8.333909138549137,4.280658752461573,2.9381799750604976,0.49000003407512227,1053.7356407352415,121.44134066801949,702.5234760507296
2003,375.4109950339527,1783.5898218275397,317.73000648997595,27.517083036323385,17.260011122593337,0.502713864707426,2.913952488222201,4.223822823751216,3.488562063351695,0.1890000922682322,0.03830395966783084,0.06715815716624221,0.06000004457702562,0.0730678287668899,0.25479100000029126,5.207866993301327,1.219999585743565,73.28449530883447,3.425119786554045,0.36955797741966984,0.14750000000004862,0.10900000000003651,0.21350000000010602,0.08900000000003665,0.07450000000003466,0.9656520000001455,543.3509969205846,255.4128070996974,80.10183480942608,16.599952655748343,8.320768523946976,158.99640284385012,16.89009836680835,14.409090192038347,26.717827352825747,95.34536148911438,538.8634622539195,21.95576256840985,8.946687821637196,8.222527905868821,4.319008377135738,2.9971299562499283,0.4888250353134876,1053.5243905805546,129.8941679673974,707.8405878691306
2004,376.9870024987384,1784.2302782703098,318.3570141517666,31.544722683080703,18.060013474602545,0.8247378237698305,3.5451226795963335,5.00792149898349,3.886517258164316,0.23300011642310445,0.04428895678304975,0.2379739210310139,0.12000008961374999,0.08672221798117856,0.3060770000002386,5.4351964115025835,1.3038595554246377,74.13009399412802,3.577999785192888,0.4058839725328299,0.15200000000002575,0.11200000000001915,0.2240000000000564,0.09250000000001946,0.0770000000000182,0.9909980000000816,542.8479943253145,253.19379962696314,79.26674351270857,16.59006009600137,8.341978773334498,164.70639407337327,17.334598508255397,15.063492990006816,22.222681504183985,94.38845939844204,537.7152341375681,21.630816228124896,8.98135240200966,8.019330729304174,4.340159345045218,3.035939952198831,0.4857220362396962,1053.297862135825,139.31217258268734,713.9765588945895
2005,378.9070049781594,1783.3604149609464,319.130004053096,36.60471895947571,18.970015659970063,1.275769782831378,4.23199287096713,5.881380174215706,4.650364603051767,0.2850001350765319,0.050273953098940255,0.4664568848960404,0.2100001126341868,0.10239290767093746,0.3500000000001851,5.656007268215846,1.3807695232410933,74.98279267942216,3.697199783831788,0.440129967645994,0.15600000000000794,0.11400000000000625,0.23350000000001744,0.09600000000000604,0.08000000000001246,1.020750000000026,542.1459783538345,250.91480357035667,78.73161921593538,16.542273177237757,8.346869022722315,170.47948938917287,17.678198673929895,15.68219339253758,18.557329185843688,93.41565891235392,538.5567708037585,22.703665727712604,9.290102280411768,7.9312975799373175,4.354827182057796,3.0733499590667104,0.48132503716591923,1053.4554665709213,150.42983990464035,721.8761946700395
2006,381.0100069597743,1783.4212323675667,319.93300088971523,40.86165862073144,20.050018093228815,1.60655974165817,4.828963109779398,6.627838972413528,5.463509811876615,0.3600001556904146,0.061035145747411146,0.706620848760411,0.3200001484984245,0.11962889791123005,0.40000000000009445,5.891855680737433,1.4534794949056,75.77629201517071,3.767239782431625,0.46434496423399746,0.15949999999998501,0.11599999999998878,0.2409999999999676,0.09949999999998836,0.08150000000001402,1.0534299999999444,540.6499663532371,248.66479574640678,78.12813223344004,16.514484307694588,8.368909162137657,177.6055412245145,18.4549988560992,16.647892777961975,15.458243643622012,92.31416522701522,536.2959017434486,22.916110833955496,8.547016034502983,7.679868650183714,4.3348494976628045,3.1184199610084957,0.4762690380921375,1053.7071714211775,160.6436102663605,730.3126279398407
2007,382.6030246838663,1788.9513113100427,320.6460136627107,45.316841999878626,21.27452375634954,2.1004196956662398,5.509383612329105,7.374408194871698,5.803807332672594,0.43000017662396633,0.06637563779021897,0.9124758118638702,0.41000017905514713,0.13823088911499226,0.4600000000000442,6.164003156357076,1.5028794902686977,76.47559467149279,3.8644397815887044,0.4830769694108365,0.16249999999997666,0.11749999999998324,0.2479999999999487,0.10299999999998159,0.08349999999998381,1.0861999999999086,538.4259843487727,246.41382944000011,77.31464077179457,16.490682924206666,8.360188689683275,185.02057054543795,19.124198867291742,17.730092520826997,12.834123210666904,91.1294659826206,544.8235375506214,24.113162319525646,8.846131875296736,7.651655560467003,4.309016705478708,3.136809961290133,0.4684500401007061,1053.942387933778,171.15385974395383,739.8071796393627
2008,384.7390186277796,1798.4196480475584,321.5749912537854,49.71934077572511,22.006818766794225,2.708719635893726,6.429283924228215,8.326615995896203,6.857228635383226,0.5000001993629104,0.07467263327650775,1.0804997805060201,0.4322652158304047,0.15781688253348933,0.5200000000001272,6.453542625099246,1.5391694944203396,77.15499475310021,3.942859793319819,0.5037679746953988,0.1649999999999948,0.11949999999999635,0.2534999999999887,0.10699999999999527,0.08499999999999656,1.118819999999976,536.3339646170801,244.47682220944117,76.47364163622427,16.45867736696668,8.38267848172555,193.09755228475987,19.546498911668582,18.928292378523043,10.935849777992425,89.87336868281324,546.2872206506926,26.412729299585745,8.74718471569186,7.470538326189312,4.24762941117064,3.1567599620000206,0.4623090450291518,1054.8031608714662,181.9931297565296,750.1117060094166
2009,386.2800190439304,1802.1011798398904,322.27500672799493,52.76593080652865,22.658214196243005,3.002319590957256,7.70602371377156,9.355365263029896,7.076026720758875,0.5700002324512452,0.08400674806123064,1.222539803216232,0.4763352488796098,0.17747688100690895,0.5999999999999075,6.728324339700987,1.5879095008640371,77.73389563178098,4.015999842947383,0.5175449799320219,0.1674999999999569,0.12099999999996884,0.257999999999907,0.10999999999996551,0.08599999999997084,1.152839999999815,533.7759774119735,242.4608238160448,75.92381995803247,16.42168591828189,8.389018826318434,200.31448662934943,19.87019880384688,19.93079222409992,9.145282380674315,88.5735729551247,539.8231670184904,26.188381402871013,8.543028169174624,7.171112690286397,4.189547875534267,3.1835699657441263,0.4620170312318828,1054.1652375424887,191.13477013126482,758.100486395259
2010,388.71702927848315,1807.850678487542,323.1409918019365,57.85153661671476,23.29651442668414,3.9209894407367827,8.963194382542676,10.426983928879915,7.474033525866819,0.6500002576567411,0.09050125216384848,1.3827497984346797,0.5346282575684586,0.19690187983641871,0.7100000000001669,7.010202897431224,1.66125947078267,78.37379533559988,4.092629842439219,0.5396579796633462,0.16949999999998758,0.12200000000000477,0.2630000000000096,0.11399999999998887,0.08699999999999906,1.1887200000000149,531.2819664047586,240.45180908197108,75.33903166557926,16.415090044314734,8.38635909543843,207.74554767003042,20.679498859586673,20.536892993356506,7.662665671856524,87.38095899519317,535.3102578177717,29.34654771148887,8.949861946527042,7.125164194153855,4.121598822104724,3.1960699660706116,0.4581970242243634,1054.368491607148,203.06907080808438,768.7643822848389
2011,390.9440146913259,1813.0702046650822,324.1589801777968,62.84794999109607,24.134216003439068,5.171979406906892,10.464804950797813,11.921485080218451,7.894731996788642,0.7400002516265903,0.09668212701216428,1.5551597744928378,0.555787285357389,0.21967887031762512,0.8300000000003914,7.307322114166748,1.7433294288526016,79.04059457996046,4.170369846801949,0.5581129789082748,0.17199999999992877,0.12300000000002659,0.26700000000006724,0.11699999999993427,0.08800000000000378,1.2261800000001593,528.5329724353254,238.2458125406179,74.63823385168111,16.36138450247586,8.38700899316457,214.55937332476455,21.561198836899454,21.354193744745327,6.305953694354723,86.0587829688257,534.1656108974325,29.494614864156787,8.949700168795957,7.106488341697769,4.048868134991818,3.2309599697713054,0.45077202205690464,1053.4544564855214,216.2338107130284,779.1241715774898
2012,393.01599271585275,1815.261234303929,325.0049911296068,67.7508719459113,24.988317393251336,5.642169309267434,11.741205773991872,12.845084549111847,8.037666181230945,0.8300002617456134,0.11149094064896804,1.7507897635355498,0.6353292607032538,0.23203588793755173,0.9600000000002181,7.598473327647608,1.8230693972445415,79.78919498861724,4.244799847551172,0.5714049797285893,0.17449999999992494,0.12399999999989843,0.27100000000001595,0.11999999999990985,0.08900000000002752,1.2636500000000368,525.833969773058,236.20683744133507,73.97863018047723,16.34028707681048,8.405529201051833,220.10840616484836,22.543598799636417,21.619893676873954,5.2453308148762074,85.0142453656043,537.6538086991932,29.29961570168341,8.84359563099328,6.98785672323249,3.964238051776295,3.2525399728141697,0.4437010204098088,1051.974536560162,227.83931418057233,787.7664293875569
2013,395.72497934409745,1822.5808485149728,325.9189931733818,74.77006273696612,26.027622326286323,7.502489267877563,13.946606272738643,14.522682528808623,8.094252352929846,0.9300002730754652,0.12175094212689079,1.9295397369341192,0.693024271149412,0.24273889293968207,1.1000000000002301,7.91087030160412,1.9533192995856206,80.5326941963097,4.328779817193628,0.5865809819023373,0.1770000000000065,0.12500000000000427,0.2750000000000116,0.12299999999997357,0.09000000000000441,1.3011200000000327,523.11497544178,234.38086809039214,73.30493414762587,16.32728017756141,8.421289533130068,226.13036380134568,23.414698759587267,22.207694453289264,4.363625559515755,83.89107921295675,539.6203591760957,35.04788412836755,9.249993007053638,6.848844537383641,3.861788437466535,3.3059999741598296,0.4365260210972239,1051.7350527878714,244.87702316335717,801.3028786803322
2014,397.54697693162257,1831.471004730897,326.987992968083,80.51572869680321,26.890435245651656,8.336969011657578,15.355007655238923,15.252780890905562,7.7326584497080795,1.005670267907627,0.13057089955599882,2.047369732578616,0.7650303032863932,0.2472628932323286,1.2400000000004103,8.221433068118094,2.039329283575727,81.0924905413935,4.398729723085918,0.600662975552369,0.17950000000002275,0.12600000000001735,0.27900000000005165,0.12599999999992387,0.09100000000001589,1.3385800000000858,520.5809647727203,233.07987021475972,72.71072446502528,16.306567622344986,8.429009294644056,229.54206686591382,23.809098542160076,22.07569416312583,3.6802712473923584,83.06993148524006,539.5420322245795,36.34755717145864,9.90184231379564,6.686090272697672,3.7536577775540656,3.2976099705264157,0.4310620244549881,1049.5128779427332,257.0641981040736,809.1864765809844
